[E2E Env Loader] Successfully loaded environment from .env

Running 276 tests using 1 worker

  x    1 [chromium] ΓÇ║ e2e\analytics.spec.ts:104:7 ΓÇ║ Jessy Luxury Executive Analytics E2E Test ΓÇ║ verify historical cost, product identity snapshots and channel analytics (0ms)
  x    2 [chromium] ΓÇ║ e2e\marketing.spec.ts:97:7 ΓÇ║ Jessy Luxury Sales & Marketing Engine E2E Test ΓÇ║ should validate coupon constraints correctly (0ms)
  -    3 [chromium] ΓÇ║ e2e\marketing.spec.ts:145:7 ΓÇ║ Jessy Luxury Sales & Marketing Engine E2E Test ΓÇ║ should enforce customer redemption limit and preserve usedCount on cancellation
  -    4 [chromium] ΓÇ║ e2e\marketing.spec.ts:259:7 ΓÇ║ Jessy Luxury Sales & Marketing Engine E2E Test ΓÇ║ should prevent double spend via atomic increment checks on concurrent transactions
[E2E Env Loader] Successfully loaded environment from .env
  x    5 [chromium] ΓÇ║ e2e\notifications.spec.ts:97:7 ΓÇ║ Jessy Luxury Notifications outbox E2E Suite ΓÇ║ should enforce idempotency, outbox claim locking, and credentials fallback mapping (0ms)
  -    6 [chromium] ΓÇ║ e2e\notifications.spec.ts:231:7 ΓÇ║ Jessy Luxury Notifications outbox E2E Suite ΓÇ║ should enforce API session security checks
  -    7 [chromium] ΓÇ║ e2e\notifications.spec.ts:253:7 ΓÇ║ Jessy Luxury Notifications outbox E2E Suite ΓÇ║ should verify Phase 9 customer notification portal and engagement features
  -    8 [chromium] ΓÇ║ e2e\notifications.spec.ts:378:7 ΓÇ║ Jessy Luxury Notifications outbox E2E Suite ΓÇ║ should render an active StoreAnnouncement on the public storefront
  -    9 [chromium] ΓÇ║ e2e\notifications.spec.ts:406:7 ΓÇ║ Jessy Luxury Notifications outbox E2E Suite ΓÇ║ should not suppress transactional order notifications when marketing is opted out
  ok  10 [chromium] ΓÇ║ e2e\settings\authorization.spec.ts:115:7 ΓÇ║ Authorization - Orders Routes ΓÇ║ Unauthenticated request to orders returns 401 (1.9s)
  ok  11 [chromium] ΓÇ║ e2e\settings\authorization.spec.ts:120:7 ΓÇ║ Authorization - Orders Routes ΓÇ║ Manager with orders permission can access orders (7.3s)
  ok  12 [chromium] ΓÇ║ e2e\settings\authorization.spec.ts:128:7 ΓÇ║ Authorization - Orders Routes ΓÇ║ Catalog without orders permission cannot access orders (1.7s)
Failed to authenticate fulfillment@jessy.test: 401
  -   13 [chromium] ΓÇ║ e2e\settings\authorization.spec.ts:136:7 ΓÇ║ Authorization - Orders Routes ΓÇ║ Fulfillment with orders permission can access orders
  ok  14 [chromium] ΓÇ║ e2e\settings\authorization.spec.ts:144:7 ΓÇ║ Authorization - Orders Routes ΓÇ║ Owner can access orders (2.1s)
  ok  15 [chromium] ΓÇ║ e2e\settings\authorization.spec.ts:154:7 ΓÇ║ Authorization - Products Routes ΓÇ║ Manager with products permission can access products admin (2.5s)
  ok  16 [chromium] ΓÇ║ e2e\settings\authorization.spec.ts:168:7 ΓÇ║ Authorization - Products Routes ΓÇ║ Catalog with products permission can access products admin (1.7s)
Failed to authenticate fulfillment@jessy.test: 401
  -   17 [chromium] ΓÇ║ e2e\settings\authorization.spec.ts:182:7 ΓÇ║ Authorization - Products Routes ΓÇ║ Fulfillment without products permission cannot create products
  ok  18 [chromium] ΓÇ║ e2e\settings\authorization.spec.ts:196:7 ΓÇ║ Authorization - Products Routes ΓÇ║ Owner can create products (2.1s)
  ok  19 [chromium] ΓÇ║ e2e\settings\authorization.spec.ts:212:7 ΓÇ║ Authorization - Customers Routes ΓÇ║ Manager with customers permission can access customers (5.8s)
  ok  20 [chromium] ΓÇ║ e2e\settings\authorization.spec.ts:220:7 ΓÇ║ Authorization - Customers Routes ΓÇ║ Catalog without customers permission cannot access customers (1.6s)
Failed to authenticate fulfillment@jessy.test: 401
  -   21 [chromium] ΓÇ║ e2e\settings\authorization.spec.ts:228:7 ΓÇ║ Authorization - Customers Routes ΓÇ║ Fulfillment without customers permission cannot access customers
  ok  22 [chromium] ΓÇ║ e2e\settings\authorization.spec.ts:236:7 ΓÇ║ Authorization - Customers Routes ΓÇ║ Owner can access customers (3.7s)
  ok  23 [chromium] ΓÇ║ e2e\settings\authorization.spec.ts:246:7 ΓÇ║ Authorization - Analytics Routes ΓÇ║ Manager with analytics permission can access analytics (7.1s)
  ok  24 [chromium] ΓÇ║ e2e\settings\authorization.spec.ts:254:7 ΓÇ║ Authorization - Analytics Routes ΓÇ║ Catalog without analytics permission cannot access analytics (3.1s)
Failed to authenticate fulfillment@jessy.test: 401
  -   25 [chromium] ΓÇ║ e2e\settings\authorization.spec.ts:262:7 ΓÇ║ Authorization - Analytics Routes ΓÇ║ Fulfillment without analytics permission cannot access analytics
  ok  26 [chromium] ΓÇ║ e2e\settings\authorization.spec.ts:270:7 ΓÇ║ Authorization - Analytics Routes ΓÇ║ Owner can access analytics (3.9s)
  ok  27 [chromium] ΓÇ║ e2e\settings\authorization.spec.ts:280:7 ΓÇ║ Authorization - Settings Routes ΓÇ║ Manager without settings permission cannot access business profile (4.6s)
  ok  28 [chromium] ΓÇ║ e2e\settings\authorization.spec.ts:288:7 ΓÇ║ Authorization - Settings Routes ΓÇ║ Catalog without settings permission cannot access settings (2.1s)
Failed to authenticate fulfillment@jessy.test: 401
  -   29 [chromium] ΓÇ║ e2e\settings\authorization.spec.ts:296:7 ΓÇ║ Authorization - Settings Routes ΓÇ║ Fulfillment without settings permission cannot access settings
  ok  30 [chromium] ΓÇ║ e2e\settings\authorization.spec.ts:304:7 ΓÇ║ Authorization - Settings Routes ΓÇ║ Owner can access settings (implicit settings permission) (2.5s)
  ok  31 [chromium] ΓÇ║ e2e\settings\authorization.spec.ts:312:7 ΓÇ║ Authorization - Settings Routes ΓÇ║ Owner can update settings (3.2s)
Failed to authenticate fulfillment@jessy.test: 401
  -   32 [chromium] ΓÇ║ e2e\settings\authorization.spec.ts:329:7 ΓÇ║ Authorization - Shipping Routes ΓÇ║ Fulfillment with fulfillment permission can create shipping zone
  ok  33 [chromium] ΓÇ║ e2e\settings\authorization.spec.ts:341:7 ΓÇ║ Authorization - Shipping Routes ΓÇ║ Orders staff with orders permission can create shipping zone (1.9s)
  ok  34 [chromium] ΓÇ║ e2e\settings\authorization.spec.ts:356:7 ΓÇ║ Authorization - Shipping Routes ΓÇ║ Catalog cannot create shipping zone (no orders/fulfillment) (1.6s)
  ok  35 [chromium] ΓÇ║ e2e\settings\authorization.spec.ts:368:7 ΓÇ║ Authorization - Shipping Routes ΓÇ║ Owner can create shipping zone (2.5s)
  x   36 [chromium] ΓÇ║ e2e\settings\authorization.spec.ts:382:7 ΓÇ║ Authorization - Inactive Staff Accounts ΓÇ║ Inactive staff account cannot authenticate (788ms)
  ok  37 [chromium] ΓÇ║ e2e\settings\authorization.spec.ts:396:7 ΓÇ║ Authorization - Inactive Staff Accounts ΓÇ║ Inactive staff account rejected on protected resource (60ms)
  ok  38 [chromium] ΓÇ║ e2e\settings\authorization.spec.ts:405:7 ΓÇ║ Authorization - Public Routes Remain Public ΓÇ║ Order tracking is public (no auth required) (155ms)
  ok  39 [chromium] ΓÇ║ e2e\settings\authorization.spec.ts:414:7 ΓÇ║ Authorization - Public Routes Remain Public ΓÇ║ Product storefront is public (no auth required for GET) (1.2s)
  ok  40 [chromium] ΓÇ║ e2e\settings\authorization.spec.ts:420:7 ΓÇ║ Authorization - Public Routes Remain Public ΓÇ║ Shipping zones list is public (no auth required for GET) (806ms)
  ok  41 [chromium] ΓÇ║ e2e\settings\authorization.spec.ts:428:7 ΓÇ║ Authorization - Permission Enforcement on Multiple Actions ΓÇ║ Staff can only modify their permitted resources (3.3s)
Failed to authenticate fulfillment@jessy.test: 401
  -   42 [chromium] ΓÇ║ e2e\settings\authorization.spec.ts:442:7 ΓÇ║ Authorization - Permission Enforcement on Multiple Actions ΓÇ║ Fulfillment can only access orders and fulfillment resources
  ok  43 [chromium] ΓÇ║ e2e\settings\authorization.spec.ts:465:7 ΓÇ║ Authorization - Permission Enforcement on Multiple Actions ΓÇ║ Catalog can only access products and catalog resources (3.3s)
  ok  44 [chromium] ΓÇ║ e2e\settings\authorization.spec.ts:490:7 ΓÇ║ Authorization - Edge Cases ΓÇ║ Expired session token returns 401 (16ms)
  ok  45 [chromium] ΓÇ║ e2e\settings\authorization.spec.ts:496:7 ΓÇ║ Authorization - Edge Cases ΓÇ║ Malformed request header is handled gracefully (15ms)
  ok  46 [chromium] ΓÇ║ e2e\settings\authorization.spec.ts:506:7 ΓÇ║ Authorization - Edge Cases ΓÇ║ Missing Content-Type still authenticates (2.0s)
[E2E Env Loader] Successfully loaded environment from .env
  ok  47 [chromium] ΓÇ║ e2e\settings\import-export.spec.ts:23:7 ΓÇ║ Configuration Import/Export ΓÇ║ should export all settings as JSON with masked secrets (2.2s)
  ok  48 [chromium] ΓÇ║ e2e\settings\import-export.spec.ts:53:7 ΓÇ║ Configuration Import/Export ΓÇ║ should validate business profile data on import (988ms)
  ok  49 [chromium] ΓÇ║ e2e\settings\import-export.spec.ts:77:7 ΓÇ║ Configuration Import/Export ΓÇ║ should validate store locations on import (428ms)
  ok  50 [chromium] ΓÇ║ e2e\settings\import-export.spec.ts:97:7 ΓÇ║ Configuration Import/Export ΓÇ║ should validate staff accounts on import (396ms)
  ok  51 [chromium] ΓÇ║ e2e\settings\import-export.spec.ts:121:7 ΓÇ║ Configuration Import/Export ΓÇ║ should reject unmasked secrets in import (421ms)
  x   52 [chromium] ΓÇ║ e2e\settings\import-export.spec.ts:140:7 ΓÇ║ Configuration Import/Export ΓÇ║ should import valid configuration successfully (8.0s)
[E2E Env Loader] Successfully loaded environment from .env
  ok  53 [chromium] ΓÇ║ e2e\settings\import-export.spec.ts:182:7 ΓÇ║ Configuration Import/Export ΓÇ║ should enforce authorization on export (79ms)
  ok  54 [chromium] ΓÇ║ e2e\settings\import-export.spec.ts:190:7 ΓÇ║ Configuration Import/Export ΓÇ║ should enforce authorization on import (25ms)
  ok  55 [chromium] ΓÇ║ e2e\settings\import-export.spec.ts:199:7 ΓÇ║ Configuration Import/Export ΓÇ║ should maintain round-trip property for non-secret settings (3.6s)
  ok  56 [chromium] ΓÇ║ e2e\settings\import-export.spec.ts:234:7 ΓÇ║ Configuration Import/Export ΓÇ║ should handle empty configuration export (1.6s)
  ok  57 [chromium] ΓÇ║ e2e\settings\import-export.spec.ts:247:7 ΓÇ║ Configuration Import/Export ΓÇ║ should create audit log on successful import (3.6s)
  ok  58 [chromium] ΓÇ║ e2e\settings\notifications.spec.ts:133:7 ΓÇ║ Notification Settings API - Secret Masking ΓÇ║ GET returns masked secrets with correct format (4.1s)
  ok  59 [chromium] ΓÇ║ e2e\settings\notifications.spec.ts:181:7 ΓÇ║ Notification Settings API - Secret Masking ΓÇ║ PUT updates and returns masked secrets (2.5s)
  ok  60 [chromium] ΓÇ║ e2e\settings\notifications.spec.ts:218:7 ΓÇ║ Notification Settings API - Secret Masking ΓÇ║ Short secrets are fully masked (3.5s)
  ok  61 [chromium] ΓÇ║ e2e\settings\notifications.spec.ts:244:7 ΓÇ║ Notification Settings API - Secret Masking ΓÇ║ Empty secrets return empty string (10.2s)
  ok  62 [chromium] ΓÇ║ e2e\settings\notifications.spec.ts:274:7 ΓÇ║ Notification Settings API - Audit Trail Security ΓÇ║ Audit log does not contain secret values (13.0s)
  ok  63 [chromium] ΓÇ║ e2e\settings\notifications.spec.ts:325:7 ΓÇ║ Notification Settings API - Authorization ΓÇ║ Unauthorized request returns 401 (52ms)
  ok  64 [chromium] ΓÇ║ e2e\settings\notifications.spec.ts:346:7 ΓÇ║ Notification Settings API - Authorization ΓÇ║ Staff without settings permission returns 403 (1.7s)
Failed to authenticate manager-settings@jessy.test: 401
Skipping: Test account with settings permission not found
  -   65 [chromium] ΓÇ║ e2e\settings\notifications.spec.ts:358:7 ΓÇ║ Notification Settings API - Authorization ΓÇ║ Staff with settings permission can access
  ok  66 [chromium] ΓÇ║ e2e\settings\notifications.spec.ts:375:7 ΓÇ║ Notification Settings API - Authorization ΓÇ║ Owner role has implicit access (4.1s)
  ok  67 [chromium] ΓÇ║ e2e\settings\notifications.spec.ts:393:7 ΓÇ║ Notification Settings API - Data Persistence ΓÇ║ Settings persist across requests (4.6s)
  ok  68 [chromium] ΓÇ║ e2e\settings\notifications.spec.ts:430:7 ΓÇ║ Notification Settings API - Data Persistence ΓÇ║ Partial updates preserve other fields (4.5s)
  ok  69 [chromium] ΓÇ║ e2e\settings\notifications.spec.ts:469:7 ΓÇ║ Notification Settings API - Boolean Field Handling ΓÇ║ emailEnabled and pushEnabled work correctly (7.1s)
  ok  70 [chromium] ΓÇ║ e2e\settings\payment.spec.ts:127:7 ΓÇ║ Payment Settings API - Secret Masking ΓÇ║ GET returns masked secrets with correct format (4.5s)
  ok  71 [chromium] ΓÇ║ e2e\settings\payment.spec.ts:175:7 ΓÇ║ Payment Settings API - Secret Masking ΓÇ║ PUT updates and returns masked secrets (3.6s)
  ok  72 [chromium] ΓÇ║ e2e\settings\payment.spec.ts:218:7 ΓÇ║ Payment Settings API - Secret Masking ΓÇ║ Masking algorithm correctness - first 2 + bullets + last 4 for long secrets (3.2s)
  ok  73 [chromium] ΓÇ║ e2e\settings\payment.spec.ts:249:7 ΓÇ║ Payment Settings API - Secret Masking ΓÇ║ Short secrets are fully masked with 6 bullets (3.4s)
  ok  74 [chromium] ΓÇ║ e2e\settings\payment.spec.ts:282:7 ΓÇ║ Payment Settings API - Secret Masking ΓÇ║ Empty secrets return empty string (2.8s)
  ok  75 [chromium] ΓÇ║ e2e\settings\payment.spec.ts:308:7 ΓÇ║ Payment Settings API - Secret Masking ΓÇ║ Masking preserves format across multiple lengths (10.7s)
  ok  76 [chromium] ΓÇ║ e2e\settings\payment.spec.ts:337:7 ΓÇ║ Payment Settings API - Audit Trail Security ΓÇ║ Audit log does not contain secret values (4.4s)
  ok  77 [chromium] ΓÇ║ e2e\settings\payment.spec.ts:395:7 ΓÇ║ Payment Settings API - Audit Trail Security ΓÇ║ Audit log filters sensitive field patterns (4.0s)
  ok  78 [chromium] ΓÇ║ e2e\settings\payment.spec.ts:446:7 ΓÇ║ Payment Settings API - Authorization ΓÇ║ Unauthorized request returns 401 (44ms)
  ok  79 [chromium] ΓÇ║ e2e\settings\payment.spec.ts:461:7 ΓÇ║ Payment Settings API - Authorization ΓÇ║ Staff without settings permission returns 403 (2.4s)
  ok  80 [chromium] ΓÇ║ e2e\settings\payment.spec.ts:478:7 ΓÇ║ Payment Settings API - Authorization ΓÇ║ Catalog staff without settings permission returns 403 (2.5s)
  ok  81 [chromium] ΓÇ║ e2e\settings\payment.spec.ts:495:7 ΓÇ║ Payment Settings API - Authorization ΓÇ║ Owner with settings permission can access payment settings (4.0s)
  ok  82 [chromium] ΓÇ║ e2e\settings\payment.spec.ts:514:7 ΓÇ║ Payment Settings API - Authorization ΓÇ║ Invalid token returns 401 (16ms)
  ok  83 [chromium] ΓÇ║ e2e\settings\payment.spec.ts:525:7 ΓÇ║ Payment Settings API - Error Handling ΓÇ║ No secrets leak through error paths (5.4s)
  ok  84 [chromium] ΓÇ║ e2e\settings\payment.spec.ts:565:7 ΓÇ║ Payment Settings API - Error Handling ΓÇ║ Validation errors do not expose secrets (3.6s)
  ok  85 [chromium] ΓÇ║ e2e\settings\payment.spec.ts:592:7 ΓÇ║ Payment Settings API - Data Persistence ΓÇ║ Settings persist across requests (4.3s)
  ok  86 [chromium] ΓÇ║ e2e\settings\payment.spec.ts:621:7 ΓÇ║ Payment Settings API - Data Persistence ΓÇ║ Partial updates preserve existing values (6.2s)
  ok  87 [chromium] ΓÇ║ e2e\settings\payment.spec.ts:656:7 ΓÇ║ Payment Settings API - Data Persistence ΓÇ║ Singleton pattern enforced - only one payment settings record (9.1s)
  ok  88 [chromium] ΓÇ║ e2e\settings\security.spec.ts:148:7 ΓÇ║ Sessions & Security - Password Change ΓÇ║ P11-T045-01: Owner can change password successfully (10.6s)
  ok  89 [chromium] ΓÇ║ e2e\settings\security.spec.ts:190:7 ΓÇ║ Sessions & Security - Password Change ΓÇ║ P11-T045-02: Manager cannot change password (returns 403) (5.8s)
  ok  90 [chromium] ΓÇ║ e2e\settings\security.spec.ts:210:7 ΓÇ║ Sessions & Security - Password Change ΓÇ║ P11-T045-03: Invalid current password rejected (5.9s)
  ok  91 [chromium] ΓÇ║ e2e\settings\security.spec.ts:230:7 ΓÇ║ Sessions & Security - Password Change ΓÇ║ P11-T045-04: New password validation - min 12 characters (3.4s)
  ok  92 [chromium] ΓÇ║ e2e\settings\security.spec.ts:251:7 ΓÇ║ Sessions & Security - Password Change ΓÇ║ P11-T045-05: New password validation - confirmPassword must match (4.4s)
  ok  93 [chromium] ΓÇ║ e2e\settings\security.spec.ts:271:7 ΓÇ║ Sessions & Security - Password Change ΓÇ║ P11-T045-06: Session version incremented atomically (13.2s)
  ok  94 [chromium] ΓÇ║ e2e\settings\security.spec.ts:296:7 ΓÇ║ Sessions & Security - Password Change ΓÇ║ P11-T045-07: Old authentication tokens rejected after password change (401) (7.1s)
  ok  95 [chromium] ΓÇ║ e2e\settings\security.spec.ts:333:7 ΓÇ║ Sessions & Security - Password Change ΓÇ║ P11-T045-08: New authentication succeeds with new password (11.6s)
  ok  96 [chromium] ΓÇ║ e2e\settings\security.spec.ts:368:7 ΓÇ║ Sessions & Security - Password Change ΓÇ║ P11-T045-09: Audit log created with ADMIN_PASSWORD_CHANGED action (8.3s)
  ok  97 [chromium] ΓÇ║ e2e\settings\security.spec.ts:407:7 ΓÇ║ Sessions & Security - Password Change ΓÇ║ P11-T045-10: Transaction atomicity - both password and session version updated together (8.7s)
  ok  98 [chromium] ΓÇ║ e2e\settings\security.spec.ts:445:7 ΓÇ║ Sessions & Security - Password Change ΓÇ║ P11-T045-11: Unauthenticated password change returns 401 (1.7s)
  ok  99 [chromium] ΓÇ║ e2e\settings\security.spec.ts:460:7 ΓÇ║ Sessions & Security - Password Change ΓÇ║ P11-T045-12: Catalog role cannot change password (returns 403) (3.5s)
  x  100 [chromium] ΓÇ║ e2e\settings\shell-integration.spec.ts:9:7 ΓÇ║ Settings Shell Integration - P11-T054 Checkpoint ΓÇ║ Settings page is accessible and displays main UI (21.6s)
[E2E Env Loader] Successfully loaded environment from .env
  x  101 [chromium] ΓÇ║ e2e\settings\shell-integration.spec.ts:23:7 ΓÇ║ Settings Shell Integration - P11-T054 Checkpoint ΓÇ║ All 7 settings tabs are present on the page (3.3s)
[E2E Env Loader] Successfully loaded environment from .env
  x  102 [chromium] ΓÇ║ e2e\settings\shell-integration.spec.ts:37:7 ΓÇ║ Settings Shell Integration - P11-T054 Checkpoint ΓÇ║ Tab navigation structure is intact (16.8s)
[E2E Env Loader] Successfully loaded environment from .env
  x  103 [chromium] ΓÇ║ e2e\settings\shell-integration.spec.ts:52:7 ΓÇ║ Settings Shell Integration - P11-T054 Checkpoint ΓÇ║ Settings link is present in admin dashboard navigation (3.5s)
[E2E Env Loader] Successfully loaded environment from .env
  x  104 [chromium] ΓÇ║ e2e\settings\shell-integration.spec.ts:66:7 ΓÇ║ Settings Shell Integration - P11-T054 Checkpoint ΓÇ║ P11-T054: Settings shell integration is complete and functional (16.7s)
[E2E Env Loader] Successfully loaded environment from .env
  x  105 [chromium] ΓÇ║ e2e\settings\shell.spec.ts:9:7 ΓÇ║ Settings Shell Integration - P11-T052, P11-T053, P11-T054 ΓÇ║ P11-T052: Settings page loads successfully (16.7s)
[E2E Env Loader] Successfully loaded environment from .env
  x  106 [chromium] ΓÇ║ e2e\settings\shell.spec.ts:17:7 ΓÇ║ Settings Shell Integration - P11-T052, P11-T053, P11-T054 ΓÇ║ P11-T052: All 7 tabs visible and accessible (16.7s)
[E2E Env Loader] Successfully loaded environment from .env
  x  107 [chromium] ΓÇ║ e2e\settings\shell.spec.ts:27:7 ΓÇ║ Settings Shell Integration - P11-T052, P11-T053, P11-T054 ΓÇ║ P11-T052: Tab navigation works - switching between tabs (16.6s)
[E2E Env Loader] Successfully loaded environment from .env
  ok 108 [chromium] ΓÇ║ e2e\settings\shell.spec.ts:49:7 ΓÇ║ Settings Shell Integration - P11-T052, P11-T053, P11-T054 ΓÇ║ P11-T052: All tab content areas are rendered (1.6s)
  ok 109 [chromium] ΓÇ║ e2e\settings\shell.spec.ts:74:7 ΓÇ║ Settings Shell Integration - P11-T052, P11-T053, P11-T054 ΓÇ║ P11-T052: Owner can see Change Password button (1.4s)
  x  110 [chromium] ΓÇ║ e2e\settings\shell.spec.ts:86:7 ΓÇ║ Settings Shell Integration - P11-T052, P11-T053, P11-T054 ΓÇ║ P11-T052: Settings page has responsive layout (16.9s)
[E2E Env Loader] Successfully loaded environment from .env
  ok 111 [chromium] ΓÇ║ e2e\settings\shell.spec.ts:103:7 ΓÇ║ Settings Shell Integration - P11-T052, P11-T053, P11-T054 ΓÇ║ P11-T053: Settings link accessible from admin dashboard (1.5s)
  x  112 [chromium] ΓÇ║ e2e\settings\shell.spec.ts:118:7 ΓÇ║ Settings Shell Integration - P11-T052, P11-T053, P11-T054 ΓÇ║ P11-T054: Settings page provides admin-only access (integration checkpoint) (16.9s)
[E2E Env Loader] Successfully loaded environment from .env
  x  113 [chromium] ΓÇ║ e2e\settings\shell.spec.ts:134:7 ΓÇ║ Settings Shell Integration - P11-T052, P11-T053, P11-T054 ΓÇ║ P11-T054: Tab state persists during navigation (30.6s)
[E2E Env Loader] Successfully loaded environment from .env
  x  114 [chromium] ΓÇ║ e2e\settings\shell.spec.ts:154:7 ΓÇ║ Settings Shell Integration - P11-T052, P11-T053, P11-T054 ΓÇ║ P11-T054: Settings shell is fully accessible and functioning (2.3s)
  ok 115 [chromium] ΓÇ║ e2e\settings\system-defaults.spec.ts:96:7 ΓÇ║ System Defaults API - CRUD Operations ΓÇ║ GET returns system defaults with expected structure (2.5s)
  ok 116 [chromium] ΓÇ║ e2e\settings\system-defaults.spec.ts:119:7 ΓÇ║ System Defaults API - CRUD Operations ΓÇ║ PUT updates system defaults successfully (4.0s)
  ok 117 [chromium] ΓÇ║ e2e\settings\system-defaults.spec.ts:156:7 ΓÇ║ System Defaults API - CRUD Operations ΓÇ║ PUT supports partial updates (4.5s)
  ok 118 [chromium] ΓÇ║ e2e\settings\system-defaults.spec.ts:194:7 ΓÇ║ System Defaults API - CRUD Operations ΓÇ║ PUT can set null values for optional fields (3.2s)
  ok 119 [chromium] ΓÇ║ e2e\settings\system-defaults.spec.ts:219:7 ΓÇ║ System Defaults API - Audit Trail ΓÇ║ Audit log created on update with changed fields (9.8s)
  ok 120 [chromium] ΓÇ║ e2e\settings\system-defaults.spec.ts:271:7 ΓÇ║ System Defaults API - Audit Trail ΓÇ║ Audit log includes all changed fields (3.6s)
  ok 121 [chromium] ΓÇ║ e2e\settings\system-defaults.spec.ts:318:7 ΓÇ║ System Defaults API - Authorization ΓÇ║ Unauthorized request returns 401 (45ms)
  ok 122 [chromium] ΓÇ║ e2e\settings\system-defaults.spec.ts:333:7 ΓÇ║ System Defaults API - Authorization ΓÇ║ Staff without settings permission returns 403 (2.8s)
  ok 123 [chromium] ΓÇ║ e2e\settings\system-defaults.spec.ts:350:7 ΓÇ║ System Defaults API - Authorization ΓÇ║ Catalog staff without settings permission returns 403 (2.5s)
  ok 124 [chromium] ΓÇ║ e2e\settings\system-defaults.spec.ts:367:7 ΓÇ║ System Defaults API - Authorization ΓÇ║ Owner with settings permission can access system defaults (3.7s)
  ok 125 [chromium] ΓÇ║ e2e\settings\system-defaults.spec.ts:385:7 ΓÇ║ System Defaults API - Authorization ΓÇ║ Invalid token returns 401 (17ms)
  ok 126 [chromium] ΓÇ║ e2e\settings\system-defaults.spec.ts:396:7 ΓÇ║ System Defaults API - Data Integrity ΓÇ║ Singleton pattern enforced - only one system defaults record (6.7s)
  ok 127 [chromium] ΓÇ║ e2e\settings\system-defaults.spec.ts:420:7 ΓÇ║ System Defaults API - Data Integrity ΓÇ║ Default values are returned when no settings exist (2.4s)
  ok 128 [chromium] ΓÇ║ e2e\settings\system-defaults.spec.ts:438:7 ΓÇ║ System Defaults API - Data Integrity ΓÇ║ Values persist across multiple updates (7.4s)
  ok 129 [chromium] ΓÇ║ e2e\settings\system-defaults.spec.ts:485:7 ΓÇ║ System Defaults API - Shipping Zone Deletion Protection (Req 28) ΓÇ║ Cannot delete shipping zone set as system default (12.3s)
  ok 130 [chromium] ΓÇ║ e2e\settings\system-defaults.spec.ts:551:7 ΓÇ║ System Defaults API - Shipping Zone Deletion Protection (Req 28) ΓÇ║ Can delete non-default shipping zone (4.1s)
  ok 131 [chromium] ΓÇ║ e2e\settings\system-defaults.spec.ts:605:7 ΓÇ║ System Defaults API - Shipping Zone Deletion Protection (Req 28) ΓÇ║ Changing default shipping zone allows deletion of previous default (12.7s)
  ok 132 [chromium] ΓÇ║ e2e\settings\system-defaults.spec.ts:699:7 ΓÇ║ System Defaults API - Response Format ΓÇ║ Response includes timestamps in ISO format (2.2s)
  ok 133 [chromium] ΓÇ║ e2e\settings\system-defaults.spec.ts:715:7 ΓÇ║ System Defaults API - Response Format ΓÇ║ PUT response matches GET response structure (3.7s)
  ok 134 [chromium] ΓÇ║ e2e\settings\system-defaults.spec.ts:734:7 ΓÇ║ System Defaults API - Response Format ΓÇ║ Response does not contain sensitive data or internal fields (2.1s)
[E2E Env Loader] Successfully loaded environment from .env
  ok 135 [chromium] ΓÇ║ e2e\settings-business-profile.spec.ts:94:7 ΓÇ║ Phase 11 Domain 1: Business Profile Settings ΓÇ║ 1. Unauthenticated GET returns 401 (1.2s)
  ok 136 [chromium] ΓÇ║ e2e\settings-business-profile.spec.ts:101:7 ΓÇ║ Phase 11 Domain 1: Business Profile Settings ΓÇ║ 2. Authenticated GET returns the profile (1.2s)
  ok 137 [chromium] ΓÇ║ e2e\settings-business-profile.spec.ts:118:7 ΓÇ║ Phase 11 Domain 1: Business Profile Settings ΓÇ║ 3. Valid PUT updates the profile (2.4s)
  ok 138 [chromium] ΓÇ║ e2e\settings-business-profile.spec.ts:161:7 ΓÇ║ Phase 11 Domain 1: Business Profile Settings ΓÇ║ 4. Invalid/missing required business name returns 400 (437ms)
  ok 139 [chromium] ΓÇ║ e2e\settings-business-profile.spec.ts:180:7 ΓÇ║ Phase 11 Domain 1: Business Profile Settings ΓÇ║ 5. Invalid email returns 400 (428ms)
  ok 140 [chromium] ΓÇ║ e2e\settings-business-profile.spec.ts:200:7 ΓÇ║ Phase 11 Domain 1: Business Profile Settings ΓÇ║ 6. Missing required phone/address returns 400 (1.3s)
  ok 141 [chromium] ΓÇ║ e2e\settings-business-profile.spec.ts:256:7 ΓÇ║ Phase 11 Domain 1: Business Profile Settings ΓÇ║ 7. Successful update creates exactly one BUSINESS_PROFILE_UPDATED audit entry (3.2s)
  ok 142 [chromium] ΓÇ║ e2e\settings-business-profile.spec.ts:319:7 ΓÇ║ Phase 11 Domain 1: Business Profile Settings ΓÇ║ 8. Returned response never exposes unrelated secrets/configuration (859ms)
  ok 143 [chromium] ΓÇ║ e2e\settings-business-profile.spec.ts:343:7 ΓÇ║ Phase 11 Domain 1: Business Profile Settings ΓÇ║ 9. Updating Business Profile does not modify existing Order/Customer historical snapshot (7.9s)
  ok 144 [chromium] ΓÇ║ e2e\settings-business-profile.spec.ts:414:7 ΓÇ║ Phase 11 Domain 1: Business Profile Settings ΓÇ║ 10. Repeated valid updates remain consistent (4.5s)
  ok 145 [chromium] ΓÇ║ e2e\settings-expenses.spec.ts:76:7 ΓÇ║ Phase 11 - Expenses List API with Pagination and Filtering ΓÇ║ 1. Unauthenticated GET request is rejected with 401 (304ms)
  ok 146 [chromium] ΓÇ║ e2e\settings-expenses.spec.ts:83:7 ΓÇ║ Phase 11 - Expenses List API with Pagination and Filtering ΓÇ║ 2. Authenticated GET request succeeds with 200 (2.5s)
  ok 147 [chromium] ΓÇ║ e2e\settings-expenses.spec.ts:95:7 ΓÇ║ Phase 11 - Expenses List API with Pagination and Filtering ΓÇ║ 3. GET response has correct pagination metadata (1.2s)
  ok 148 [chromium] ΓÇ║ e2e\settings-expenses.spec.ts:113:7 ΓÇ║ Phase 11 - Expenses List API with Pagination and Filtering ΓÇ║ 4. Default pagination returns pageSize=20 and page=1 (1.3s)
  ok 149 [chromium] ΓÇ║ e2e\settings-expenses.spec.ts:126:7 ΓÇ║ Phase 11 - Expenses List API with Pagination and Filtering ΓÇ║ 5. Custom pagination parameters are respected (1.3s)
  ok 150 [chromium] ΓÇ║ e2e\settings-expenses.spec.ts:141:7 ΓÇ║ Phase 11 - Expenses List API with Pagination and Filtering ΓÇ║ 6. startDate filter works correctly (2.0s)
  ok 151 [chromium] ΓÇ║ e2e\settings-expenses.spec.ts:163:7 ΓÇ║ Phase 11 - Expenses List API with Pagination and Filtering ΓÇ║ 7. endDate filter works correctly (2.0s)
  ok 152 [chromium] ΓÇ║ e2e\settings-expenses.spec.ts:186:7 ΓÇ║ Phase 11 - Expenses List API with Pagination and Filtering ΓÇ║ 8. startDate and endDate filters work together (2.0s)
  ok 153 [chromium] ΓÇ║ e2e\settings-expenses.spec.ts:211:7 ΓÇ║ Phase 11 - Expenses List API with Pagination and Filtering ΓÇ║ 9. Invalid startDate returns 400 error (423ms)
  ok 154 [chromium] ΓÇ║ e2e\settings-expenses.spec.ts:225:7 ΓÇ║ Phase 11 - Expenses List API with Pagination and Filtering ΓÇ║ 10. Invalid endDate returns 400 error (422ms)
  ok 155 [chromium] ΓÇ║ e2e\settings-expenses.spec.ts:240:7 ΓÇ║ Phase 11 - Expenses List API with Pagination and Filtering ΓÇ║ 11. Expenses are ordered by date descending (1.2s)
  ok 156 [chromium] ΓÇ║ e2e\settings-expenses.spec.ts:260:7 ΓÇ║ Phase 11 - Expenses List API with Pagination and Filtering ΓÇ║ 12. POST with valid data creates expense (3.2s)
  ok 157 [chromium] ΓÇ║ e2e\settings-expenses.spec.ts:288:7 ΓÇ║ Phase 11 - Expenses List API with Pagination and Filtering ΓÇ║ 13. POST without category returns 400 error (416ms)
  ok 158 [chromium] ΓÇ║ e2e\settings-expenses.spec.ts:306:7 ΓÇ║ Phase 11 - Expenses List API with Pagination and Filtering ΓÇ║ 14. POST with invalid category returns 400 error (419ms)
  ok 159 [chromium] ΓÇ║ e2e\settings-expenses.spec.ts:325:7 ΓÇ║ Phase 11 - Expenses List API with Pagination and Filtering ΓÇ║ 15. POST without description returns 400 error (418ms)
  ok 160 [chromium] ΓÇ║ e2e\settings-expenses.spec.ts:343:7 ΓÇ║ Phase 11 - Expenses List API with Pagination and Filtering ΓÇ║ 16. POST without amount returns 400 error (426ms)
  ok 161 [chromium] ΓÇ║ e2e\settings-expenses.spec.ts:361:7 ΓÇ║ Phase 11 - Expenses List API with Pagination and Filtering ΓÇ║ 17. POST with amount <= 0 returns 400 error (454ms)
  ok 162 [chromium] ΓÇ║ e2e\settings-expenses.spec.ts:380:7 ΓÇ║ Phase 11 - Expenses List API with Pagination and Filtering ΓÇ║ 18. POST with negative amount returns 400 error (431ms)
  ok 163 [chromium] ΓÇ║ e2e\settings-expenses.spec.ts:399:7 ΓÇ║ Phase 11 - Expenses List API with Pagination and Filtering ΓÇ║ 19. POST with valid date uses provided date (1.6s)
  ok 164 [chromium] ΓÇ║ e2e\settings-expenses.spec.ts:426:7 ΓÇ║ Phase 11 - Expenses List API with Pagination and Filtering ΓÇ║ 20. POST with invalid date returns 400 error (422ms)
  ok 165 [chromium] ΓÇ║ e2e\settings-expenses.spec.ts:447:7 ΓÇ║ Phase 11 - Expenses List API with Pagination and Filtering ΓÇ║ 21. POST creates audit log entry (3.6s)
  ok 166 [chromium] ΓÇ║ e2e\settings-expenses.spec.ts:489:7 ΓÇ║ Phase 11 - Expenses List API with Pagination and Filtering ΓÇ║ 22. All valid categories are accepted (8.8s)
  ok 167 [chromium] ΓÇ║ e2e\settings-expenses.spec.ts:521:7 ΓÇ║ Phase 11 - Expenses List API with Pagination and Filtering ΓÇ║ 23. Unauthenticated POST is rejected with 401 (67ms)
  ok 168 [chromium] ΓÇ║ e2e\settings-expenses.spec.ts:540:7 ΓÇ║ Phase 11 - Expenses List API with Pagination and Filtering ΓÇ║ 24. Total count reflects actual number of expenses (1.3s)
  ok 169 [chromium] ΓÇ║ e2e\settings-expenses.spec.ts:554:7 ΓÇ║ Phase 11 - Expenses List API with Pagination and Filtering ΓÇ║ 25. pageSize is capped at 100 (1.2s)
  ok 170 [chromium] ΓÇ║ e2e\settings-expenses.spec.ts:567:7 ΓÇ║ Phase 11 - Expenses List API with Pagination and Filtering ΓÇ║ 26. pageSize is at least 1 (1.2s)
  ok 171 [chromium] ΓÇ║ e2e\settings-expenses.spec.ts:582:7 ΓÇ║ Phase 11 - Expenses List API with Pagination and Filtering ΓÇ║ 27. GET /api/settings/expenses/:id returns single expense (1.9s)
  ok 172 [chromium] ΓÇ║ e2e\settings-expenses.spec.ts:597:7 ΓÇ║ Phase 11 - Expenses List API with Pagination and Filtering ΓÇ║ 28. GET /api/settings/expenses/:id with invalid ID returns 400 (442ms)
  ok 173 [chromium] ΓÇ║ e2e\settings-expenses.spec.ts:608:7 ΓÇ║ Phase 11 - Expenses List API with Pagination and Filtering ΓÇ║ 29. GET /api/settings/expenses/:id with non-existent ID returns 404 (828ms)
  ok 174 [chromium] ΓÇ║ e2e\settings-expenses.spec.ts:620:7 ΓÇ║ Phase 11 - Expenses List API with Pagination and Filtering ΓÇ║ 30. PUT /api/settings/expenses/:id updates expense (3.7s)
  ok 175 [chromium] ΓÇ║ e2e\settings-expenses.spec.ts:662:7 ΓÇ║ Phase 11 - Expenses List API with Pagination and Filtering ΓÇ║ 31. PUT /api/settings/expenses/:id with invalid ID returns 400 (563ms)
  ok 176 [chromium] ΓÇ║ e2e\settings-expenses.spec.ts:679:7 ΓÇ║ Phase 11 - Expenses List API with Pagination and Filtering ΓÇ║ 32. PUT /api/settings/expenses/:id with non-existent ID returns 404 (784ms)
  ok 177 [chromium] ΓÇ║ e2e\settings-expenses.spec.ts:696:7 ΓÇ║ Phase 11 - Expenses List API with Pagination and Filtering ΓÇ║ 33. PUT without category returns 400 (1.4s)
  ok 178 [chromium] ΓÇ║ e2e\settings-expenses.spec.ts:715:7 ΓÇ║ Phase 11 - Expenses List API with Pagination and Filtering ΓÇ║ 34. PUT with invalid category returns 400 (861ms)
  ok 179 [chromium] ΓÇ║ e2e\settings-expenses.spec.ts:735:7 ΓÇ║ Phase 11 - Expenses List API with Pagination and Filtering ΓÇ║ 35. PUT without description returns 400 (825ms)
  ok 180 [chromium] ΓÇ║ e2e\settings-expenses.spec.ts:754:7 ΓÇ║ Phase 11 - Expenses List API with Pagination and Filtering ΓÇ║ 36. PUT without amount returns 400 (817ms)
  ok 181 [chromium] ΓÇ║ e2e\settings-expenses.spec.ts:773:7 ΓÇ║ Phase 11 - Expenses List API with Pagination and Filtering ΓÇ║ 37. PUT with zero amount returns 400 (817ms)
  ok 182 [chromium] ΓÇ║ e2e\settings-expenses.spec.ts:793:7 ΓÇ║ Phase 11 - Expenses List API with Pagination and Filtering ΓÇ║ 38. PUT with negative amount returns 400 (794ms)
  ok 183 [chromium] ΓÇ║ e2e\settings-expenses.spec.ts:813:7 ΓÇ║ Phase 11 - Expenses List API with Pagination and Filtering ΓÇ║ 39. PUT with invalid date returns 400 (818ms)
  ok 184 [chromium] ΓÇ║ e2e\settings-expenses.spec.ts:834:7 ΓÇ║ Phase 11 - Expenses List API with Pagination and Filtering ΓÇ║ 40. PUT creates audit log entry (4.8s)
  ok 185 [chromium] ΓÇ║ e2e\settings-expenses.spec.ts:885:7 ΓÇ║ Phase 11 - Expenses List API with Pagination and Filtering ΓÇ║ 41. DELETE /api/settings/expenses/:id removes expense (4.1s)
  ok 186 [chromium] ΓÇ║ e2e\settings-expenses.spec.ts:926:7 ΓÇ║ Phase 11 - Expenses List API with Pagination and Filtering ΓÇ║ 42. DELETE with invalid ID returns 400 (434ms)
  ok 187 [chromium] ΓÇ║ e2e\settings-expenses.spec.ts:937:7 ΓÇ║ Phase 11 - Expenses List API with Pagination and Filtering ΓÇ║ 43. DELETE with non-existent ID returns 404 (1.2s)
  ok 188 [chromium] ΓÇ║ e2e\settings-expenses.spec.ts:948:7 ΓÇ║ Phase 11 - Expenses List API with Pagination and Filtering ΓÇ║ 44. DELETE creates audit log entry (4.0s)
  ok 189 [chromium] ΓÇ║ e2e\settings-expenses.spec.ts:992:7 ΓÇ║ Phase 11 - Expenses List API with Pagination and Filtering ΓÇ║ 45. Unauthenticated GET individual expense is rejected with 401 (78ms)
  ok 190 [chromium] ΓÇ║ e2e\settings-expenses.spec.ts:997:7 ΓÇ║ Phase 11 - Expenses List API with Pagination and Filtering ΓÇ║ 46. Unauthenticated PUT is rejected with 401 (39ms)
  ok 191 [chromium] ΓÇ║ e2e\settings-expenses.spec.ts:1014:7 ΓÇ║ Phase 11 - Expenses List API with Pagination and Filtering ΓÇ║ 47. Unauthenticated DELETE is rejected with 401 (33ms)
  ok 192 [chromium] ΓÇ║ e2e\settings-locations-ui.spec.ts:40:7 ΓÇ║ Phase 11 - Store Locations UI Component ΓÇ║ 1. UI - Component integrates with API correctly (2.6s)
  ok 193 [chromium] ΓÇ║ e2e\settings-locations-ui.spec.ts:66:7 ΓÇ║ Phase 11 - Store Locations UI Component ΓÇ║ 2. UI - Create location via API integration (2.8s)
  ok 194 [chromium] ΓÇ║ e2e\settings-locations-ui.spec.ts:86:7 ΓÇ║ Phase 11 - Store Locations UI Component ΓÇ║ 3. UI - Edit location via API integration (3.7s)
  ok 195 [chromium] ΓÇ║ e2e\settings-locations-ui.spec.ts:114:7 ΓÇ║ Phase 11 - Store Locations UI Component ΓÇ║ 4. UI - Set default action via API (5.6s)
  ok 196 [chromium] ΓÇ║ e2e\settings-locations-ui.spec.ts:157:7 ΓÇ║ Phase 11 - Store Locations UI Component ΓÇ║ 5. UI - Protected delete returns 409 (1.2s)
  ok 197 [chromium] ΓÇ║ e2e\settings-locations-ui.spec.ts:181:7 ΓÇ║ Phase 11 - Store Locations UI Component ΓÇ║ 6. UI - Unused location can be deleted (7.1s)
  ok 198 [chromium] ΓÇ║ e2e\settings-locations-ui.spec.ts:209:7 ΓÇ║ Phase 11 - Store Locations UI Component ΓÇ║ 7. UI - Reload preserves state (data persistence) (2.0s)
  ok 199 [chromium] ΓÇ║ e2e\settings-locations-ui.spec.ts:237:7 ΓÇ║ Phase 11 - Store Locations UI Component ΓÇ║ 8. UI - Component handles validation errors (437ms)
  ok 200 [chromium] ΓÇ║ e2e\settings-locations-ui.spec.ts:256:7 ΓÇ║ Phase 11 - Store Locations UI Component ΓÇ║ 9. UI - Component handles duplicate names (1.7s)
  ok 201 [chromium] ΓÇ║ e2e\settings-locations-ui.spec.ts:287:7 ΓÇ║ Phase 11 - Store Locations UI Component ΓÇ║ 10. UI - Empty state handled gracefully (1.6s)
  ok 202 [chromium] ΓÇ║ e2e\settings-locations.spec.ts:76:7 ΓÇ║ Phase 11 - Store Locations List API ΓÇ║ 1. Unauthenticated GET request is rejected with 401 (26ms)
  ok 203 [chromium] ΓÇ║ e2e\settings-locations.spec.ts:83:7 ΓÇ║ Phase 11 - Store Locations List API ΓÇ║ 2. Authenticated GET request succeeds with 200 (1.2s)
  ok 204 [chromium] ΓÇ║ e2e\settings-locations.spec.ts:94:7 ΓÇ║ Phase 11 - Store Locations List API ΓÇ║ 3. Returned structure is correct with pagination metadata (833ms)
  ok 205 [chromium] ΓÇ║ e2e\settings-locations.spec.ts:118:7 ΓÇ║ Phase 11 - Store Locations List API ΓÇ║ 4. Multiple locations returned with correct field structure (1.2s)
  ok 206 [chromium] ΓÇ║ e2e\settings-locations.spec.ts:168:7 ΓÇ║ Phase 11 - Store Locations List API ΓÇ║ 5. Locations returned in deterministic order (isDefault DESC, name ASC) (828ms)
  ok 207 [chromium] ΓÇ║ e2e\settings-locations.spec.ts:200:7 ΓÇ║ Phase 11 - Store Locations List API ΓÇ║ 6. Pagination works correctly with page and pageSize parameters (1.6s)
  ok 208 [chromium] ΓÇ║ e2e\settings-locations.spec.ts:242:7 ΓÇ║ Phase 11 - Store Locations List API ΓÇ║ 7. No mutation occurs - GET is read-only (3.9s)
  ok 209 [chromium] ΓÇ║ e2e\settings-locations.spec.ts:285:7 ΓÇ║ Phase 11 - Store Locations List API ΓÇ║ 8. Returns clean empty array when no locations exist (edge case) (811ms)
  ok 210 [chromium] ΓÇ║ e2e\settings-locations.spec.ts:302:7 ΓÇ║ Phase 11 - Store Locations List API ΓÇ║ 9. Invalid page/pageSize parameters are handled gracefully (2.5s)
  ok 211 [chromium] ΓÇ║ e2e\settings-locations.spec.ts:334:7 ΓÇ║ Phase 11 - Store Locations List API ΓÇ║ 10. Response does not expose unrelated sensitive data (854ms)
  ok 212 [chromium] ΓÇ║ e2e\settings-locations.spec.ts:404:7 ΓÇ║ Phase 11 - Store Locations Individual API (POST/PUT/DELETE) ΓÇ║ 11. POST - Valid create succeeds with 200 and returns created location (2.8s)
  ok 213 [chromium] ΓÇ║ e2e\settings-locations.spec.ts:440:7 ΓÇ║ Phase 11 - Store Locations Individual API (POST/PUT/DELETE) ΓÇ║ 12. POST - Invalid create with missing name returns 400 (458ms)
  ok 214 [chromium] ΓÇ║ e2e\settings-locations.spec.ts:457:7 ΓÇ║ Phase 11 - Store Locations Individual API (POST/PUT/DELETE) ΓÇ║ 13. POST - Invalid create with missing address returns 400 (445ms)
  ok 215 [chromium] ΓÇ║ e2e\settings-locations.spec.ts:474:7 ΓÇ║ Phase 11 - Store Locations Individual API (POST/PUT/DELETE) ΓÇ║ 14. POST - Invalid create with missing city returns 400 (1.0s)
  ok 216 [chromium] ΓÇ║ e2e\settings-locations.spec.ts:491:7 ΓÇ║ Phase 11 - Store Locations Individual API (POST/PUT/DELETE) ΓÇ║ 15. POST - Duplicate name returns 409 (2.7s)
  ok 217 [chromium] ΓÇ║ e2e\settings-locations.spec.ts:524:7 ΓÇ║ Phase 11 - Store Locations Individual API (POST/PUT/DELETE) ΓÇ║ 16. POST - Creating as default atomically switches default (9.5s)
  ok 218 [chromium] ΓÇ║ e2e\settings-locations.spec.ts:573:7 ΓÇ║ Phase 11 - Store Locations Individual API (POST/PUT/DELETE) ΓÇ║ 17. POST - Unauthenticated request returns 401 (43ms)
  ok 219 [chromium] ΓÇ║ e2e\settings-locations.spec.ts:589:7 ΓÇ║ Phase 11 - Store Locations Individual API (POST/PUT/DELETE) ΓÇ║ 18. GET /:id - Valid ID returns location with 200 (1.7s)
  ok 220 [chromium] ΓÇ║ e2e\settings-locations.spec.ts:607:7 ΓÇ║ Phase 11 - Store Locations Individual API (POST/PUT/DELETE) ΓÇ║ 19. GET /:id - Nonexistent ID returns 404 (1.1s)
  ok 221 [chromium] ΓÇ║ e2e\settings-locations.spec.ts:619:7 ΓÇ║ Phase 11 - Store Locations Individual API (POST/PUT/DELETE) ΓÇ║ 20. GET /:id - Invalid ID format returns 400 (532ms)
  ok 222 [chromium] ΓÇ║ e2e\settings-locations.spec.ts:632:7 ΓÇ║ Phase 11 - Store Locations Individual API (POST/PUT/DELETE) ΓÇ║ 21. PUT - Valid update succeeds with 200 (4.2s)
  ok 223 [chromium] ΓÇ║ e2e\settings-locations.spec.ts:668:7 ΓÇ║ Phase 11 - Store Locations Individual API (POST/PUT/DELETE) ΓÇ║ 22. PUT - Partial update (only name) succeeds (2.8s)
  ok 224 [chromium] ΓÇ║ e2e\settings-locations.spec.ts:691:7 ΓÇ║ Phase 11 - Store Locations Individual API (POST/PUT/DELETE) ΓÇ║ 23. PUT - Setting as default atomically switches default (9.4s)
  ok 225 [chromium] ΓÇ║ e2e\settings-locations.spec.ts:750:7 ΓÇ║ Phase 11 - Store Locations Individual API (POST/PUT/DELETE) ΓÇ║ 24. PUT - Duplicate name (different location) returns 409 (4.6s)
  ok 226 [chromium] ΓÇ║ e2e\settings-locations.spec.ts:795:7 ΓÇ║ Phase 11 - Store Locations Individual API (POST/PUT/DELETE) ΓÇ║ 25. PUT - Updating own name (no change) succeeds (4.1s)
  ok 227 [chromium] ΓÇ║ e2e\settings-locations.spec.ts:828:7 ΓÇ║ Phase 11 - Store Locations Individual API (POST/PUT/DELETE) ΓÇ║ 26. PUT - Nonexistent ID returns 404 (868ms)
  ok 228 [chromium] ΓÇ║ e2e\settings-locations.spec.ts:844:7 ΓÇ║ Phase 11 - Store Locations Individual API (POST/PUT/DELETE) ΓÇ║ 27. PUT - Invalid field value returns 400 (909ms)
  ok 229 [chromium] ΓÇ║ e2e\settings-locations.spec.ts:866:7 ΓÇ║ Phase 11 - Store Locations Individual API (POST/PUT/DELETE) ΓÇ║ 28. DELETE - Default location returns 409 (protection) (3.9s)
  ok 230 [chromium] ΓÇ║ e2e\settings-locations.spec.ts:894:7 ΓÇ║ Phase 11 - Store Locations Individual API (POST/PUT/DELETE) ΓÇ║ 29. DELETE - Location referenced by coupon returns 409 (protection) (6.3s)
  ok 231 [chromium] ΓÇ║ e2e\settings-locations.spec.ts:941:7 ΓÇ║ Phase 11 - Store Locations Individual API (POST/PUT/DELETE) ΓÇ║ 30. DELETE - Location set as system default returns 409 (protection) (5.9s)
  ok 232 [chromium] ΓÇ║ e2e\settings-locations.spec.ts:987:7 ΓÇ║ Phase 11 - Store Locations Individual API (POST/PUT/DELETE) ΓÇ║ 31. DELETE - Unused non-default location succeeds with 200 (7.7s)
  ok 233 [chromium] ΓÇ║ e2e\settings-locations.spec.ts:1031:7 ΓÇ║ Phase 11 - Store Locations Individual API (POST/PUT/DELETE) ΓÇ║ 32. DELETE - Nonexistent ID returns 404 (798ms)
  ok 234 [chromium] ΓÇ║ e2e\settings-locations.spec.ts:1043:7 ΓÇ║ Phase 11 - Store Locations Individual API (POST/PUT/DELETE) ΓÇ║ 33. DELETE - Unauthenticated request returns 401 (1.7s)
  ok 235 [chromium] ΓÇ║ e2e\settings-locations.spec.ts:1107:7 ΓÇ║ Phase 11 - Store Locations Historical Integrity & Concurrency ΓÇ║ 34. Historical integrity - updating location does not rewrite Coupon.storeLocation history (6.7s)
  x  236 [chromium] ΓÇ║ e2e\settings-locations.spec.ts:1170:7 ΓÇ║ Phase 11 - Store Locations Historical Integrity & Concurrency ΓÇ║ 35. Concurrency - simultaneous default-switch requests leave exactly one default (10.7s)
[E2E Env Loader] Successfully loaded environment from .env
  ok 237 [chromium] ΓÇ║ e2e\settings-staff-accounts.spec.ts:47:9 ΓÇ║ Staff Accounts API - P11-T019 ΓÇ║ Authorization ΓÇ║ should return 401 when listing staff without auth token (379ms)
  ok 238 [chromium] ΓÇ║ e2e\settings-staff-accounts.spec.ts:57:9 ΓÇ║ Staff Accounts API - P11-T019 ΓÇ║ Authorization ΓÇ║ should return 401 when creating staff without auth token (23ms)
  ok 239 [chromium] ΓÇ║ e2e\settings-staff-accounts.spec.ts:76:9 ΓÇ║ Staff Accounts API - P11-T019 ΓÇ║ List Staff ΓÇ║ should list all staff accounts with admin auth (1.2s)
  ok 240 [chromium] ΓÇ║ e2e\settings-staff-accounts.spec.ts:108:9 ΓÇ║ Staff Accounts API - P11-T019 ΓÇ║ Create Staff - Validation ΓÇ║ should return 400 when name is missing (439ms)
  ok 241 [chromium] ΓÇ║ e2e\settings-staff-accounts.spec.ts:127:9 ΓÇ║ Staff Accounts API - P11-T019 ΓÇ║ Create Staff - Validation ΓÇ║ should return 400 when email is missing (393ms)
  ok 242 [chromium] ΓÇ║ e2e\settings-staff-accounts.spec.ts:146:9 ΓÇ║ Staff Accounts API - P11-T019 ΓÇ║ Create Staff - Validation ΓÇ║ should return 400 when email format is invalid (402ms)
  ok 243 [chromium] ΓÇ║ e2e\settings-staff-accounts.spec.ts:166:9 ΓÇ║ Staff Accounts API - P11-T019 ΓÇ║ Create Staff - Validation ΓÇ║ should return 409 when email already exists (4.2s)
  ok 244 [chromium] ΓÇ║ e2e\settings-staff-accounts.spec.ts:209:9 ΓÇ║ Staff Accounts API - P11-T019 ΓÇ║ Create Staff - Validation ΓÇ║ should return 400 when role is invalid (415ms)
  ok 245 [chromium] ΓÇ║ e2e\settings-staff-accounts.spec.ts:229:9 ΓÇ║ Staff Accounts API - P11-T019 ΓÇ║ Create Staff - Validation ΓÇ║ should return 400 when permissions array contains invalid permission (405ms)
  ok 246 [chromium] ΓÇ║ e2e\settings-staff-accounts.spec.ts:251:9 ΓÇ║ Staff Accounts API - P11-T019 ΓÇ║ Create Staff - Success ΓÇ║ should create staff account with Owner role (3.8s)
  ok 247 [chromium] ΓÇ║ e2e\settings-staff-accounts.spec.ts:293:9 ΓÇ║ Staff Accounts API - P11-T019 ΓÇ║ Create Staff - Success ΓÇ║ should create staff account with Manager role (3.0s)
  ok 248 [chromium] ΓÇ║ e2e\settings-staff-accounts.spec.ts:325:9 ΓÇ║ Staff Accounts API - P11-T019 ΓÇ║ Create Staff - Success ΓÇ║ should create staff account with Fulfillment role (2.3s)
  ok 249 [chromium] ΓÇ║ e2e\settings-staff-accounts.spec.ts:357:9 ΓÇ║ Staff Accounts API - P11-T019 ΓÇ║ Create Staff - Success ΓÇ║ should create staff account with Catalog role (2.2s)
  ok 250 [chromium] ΓÇ║ e2e\settings-staff-accounts.spec.ts:389:9 ΓÇ║ Staff Accounts API - P11-T019 ΓÇ║ Create Staff - Success ΓÇ║ should create staff account with active=false (2.6s)
  ok 251 [chromium] ΓÇ║ e2e\settings-staff-accounts.spec.ts:423:9 ΓÇ║ Staff Accounts API - P11-T019 ΓÇ║ Audit Logging ΓÇ║ should create audit log with correct details on staff creation (2.7s)
  ok 252 [chromium] ΓÇ║ e2e\settings-staff-accounts.spec.ts:474:9 ΓÇ║ Staff Accounts API - P11-T019 ΓÇ║ Inactive Staff Authentication ΓÇ║ should verify inactive staff cannot authenticate (from existing staff-auth middleware) (3.1s)
  ok 253 [chromium] ΓÇ║ e2e\settings-staff-accounts.spec.ts:560:9 ΓÇ║ Staff Account Individual API - P11-T020 ΓÇ║ GET Individual Staff Account ΓÇ║ should retrieve staff account by ID (5.4s)
  ok 254 [chromium] ΓÇ║ e2e\settings-staff-accounts.spec.ts:607:9 ΓÇ║ Staff Account Individual API - P11-T020 ΓÇ║ GET Individual Staff Account ΓÇ║ should return 404 when staff not found (814ms)
  ok 255 [chromium] ΓÇ║ e2e\settings-staff-accounts.spec.ts:620:9 ΓÇ║ Staff Account Individual API - P11-T020 ΓÇ║ GET Individual Staff Account ΓÇ║ should return 401 without authentication (51ms)
  ok 256 [chromium] ΓÇ║ e2e\settings-staff-accounts.spec.ts:630:9 ΓÇ║ Staff Account Individual API - P11-T020 ΓÇ║ PUT Individual Staff Account - Validation ΓÇ║ should update staff name (4.1s)
  ok 257 [chromium] ΓÇ║ e2e\settings-staff-accounts.spec.ts:675:9 ΓÇ║ Staff Account Individual API - P11-T020 ΓÇ║ PUT Individual Staff Account - Validation ΓÇ║ should return 400 when email format is invalid (3.4s)
  ok 258 [chromium] ΓÇ║ e2e\settings-staff-accounts.spec.ts:718:9 ΓÇ║ Staff Account Individual API - P11-T020 ΓÇ║ PUT Individual Staff Account - Validation ΓÇ║ should return 409 when email already exists (6.1s)
  ok 259 [chromium] ΓÇ║ e2e\settings-staff-accounts.spec.ts:780:9 ΓÇ║ Staff Account Individual API - P11-T020 ΓÇ║ PUT Individual Staff Account - Validation ΓÇ║ should return 400 when role is invalid (3.2s)
  ok 260 [chromium] ΓÇ║ e2e\settings-staff-accounts.spec.ts:823:9 ΓÇ║ Staff Account Individual API - P11-T020 ΓÇ║ PUT Individual Staff Account - Validation ΓÇ║ should return 400 when permissions contain invalid permission (3.1s)
  ok 261 [chromium] ΓÇ║ e2e\settings-staff-accounts.spec.ts:868:9 ΓÇ║ Staff Account Individual API - P11-T020 ΓÇ║ Self-Escalation Prevention - CRITICAL SECURITY ΓÇ║ should prevent Manager from granting themselves Owner role (2.7s)
  ok 262 [chromium] ΓÇ║ e2e\settings-staff-accounts.spec.ts:906:9 ΓÇ║ Staff Account Individual API - P11-T020 ΓÇ║ Self-Escalation Prevention - CRITICAL SECURITY ΓÇ║ should prevent Manager from granting themselves additional permissions (2.3s)
  ok 263 [chromium] ΓÇ║ e2e\settings-staff-accounts.spec.ts:937:9 ΓÇ║ Staff Account Individual API - P11-T020 ΓÇ║ Self-Escalation Prevention - CRITICAL SECURITY ΓÇ║ should prevent Manager from activating own inactive account (2.2s)
  ok 264 [chromium] ΓÇ║ e2e\settings-staff-accounts.spec.ts:968:9 ΓÇ║ Staff Account Individual API - P11-T020 ΓÇ║ Self-Escalation Prevention - CRITICAL SECURITY ΓÇ║ should allow staff to modify own non-security fields (name, email) (4.6s)
  ok 265 [chromium] ΓÇ║ e2e\settings-staff-accounts.spec.ts:1018:9 ΓÇ║ Staff Account Individual API - P11-T020 ΓÇ║ Owner Privilege Tests ΓÇ║ should allow Owner to modify other staff role (5.0s)
  ok 266 [chromium] ΓÇ║ e2e\settings-staff-accounts.spec.ts:1073:9 ΓÇ║ Staff Account Individual API - P11-T020 ΓÇ║ Owner Privilege Tests ΓÇ║ should allow Owner to modify other staff permissions (4.9s)
  ok 267 [chromium] ΓÇ║ e2e\settings-staff-accounts.spec.ts:1130:9 ΓÇ║ Staff Account Individual API - P11-T020 ΓÇ║ DELETE Staff Account ΓÇ║ should delete staff account successfully (5.9s)
  ok 268 [chromium] ΓÇ║ e2e\settings-staff-accounts.spec.ts:1187:9 ΓÇ║ Staff Account Individual API - P11-T020 ΓÇ║ DELETE Staff Account ΓÇ║ should return 404 when deleting non-existent staff (767ms)
  ok 269 [chromium] ΓÇ║ e2e\settings-staff-accounts.spec.ts:1200:9 ΓÇ║ Staff Account Individual API - P11-T020 ΓÇ║ DELETE Staff Account ΓÇ║ should prevent self-deletion (1ms)
  ok 270 [chromium] ΓÇ║ e2e\settings-staff-accounts.spec.ts:1211:9 ΓÇ║ Staff Account Individual API - P11-T020 ΓÇ║ Audit Logging - Security Events ΓÇ║ should log STAFF_PERMISSIONS_CHANGED when role changes (4.6s)
  ok 271 [chromium] ΓÇ║ e2e\settings-staff-accounts.spec.ts:1265:9 ΓÇ║ Staff Account Individual API - P11-T020 ΓÇ║ Audit Logging - Security Events ΓÇ║ should log STAFF_ACCOUNT_DELETED with no secrets (4.6s)
  x  272 [chromium] ΓÇ║ e2e\shipping.spec.ts:119:7 ΓÇ║ Jessy Luxury Shipping & Delivery Engine E2E Test ΓÇ║ should enforce money recalculations, state machine rules, and public privacy on tracking (0ms)
  x  273 [chromium] ΓÇ║ e2e\smoke.spec.ts:110:7 ΓÇ║ Jessy Luxury CRM & POS E2E Smoke Test ΓÇ║ checkout POS order and navigate through CRM (0ms)
[E2E Env Loader] Successfully loaded environment from .env
  x  274 [chromium] ΓÇ║ e2e\wholesale.spec.ts:127:7 ΓÇ║ Jessy Luxury Wholesale & Tier Pricing E2E ΓÇ║ should correctly apply tiered pricing and handle overrides (3ms)
  -  275 [chromium] ΓÇ║ e2e\wholesale.spec.ts:186:7 ΓÇ║ Jessy Luxury Wholesale & Tier Pricing E2E ΓÇ║ should handle mixed carts and preserve historical prices
  -  276 [chromium] ΓÇ║ e2e\wholesale.spec.ts:233:7 ΓÇ║ Jessy Luxury Wholesale & Tier Pricing E2E ΓÇ║ should isolate retail and wholesale coupons by customer group


  1) [chromium] ΓÇ║ e2e\analytics.spec.ts:104:7 ΓÇ║ Jessy Luxury Executive Analytics E2E Test ΓÇ║ verify historical cost, product identity snapshots and channel analytics 

    PrismaClientValidationError: 
    Invalid `prisma.category.create()` invocation in
    E:\jessy-luxury-website\jessy-luxury\e2e\analytics.spec.ts:43:42

      40 test.beforeAll(async () => {
      41   test.setTimeout(180000)
      42   // 1. Programmatic database setup
    ΓåÆ 43   testCategory = await prisma.category.create({
             data: {
               name: "Analytics Test Category ANA_7181",
               slug: "analytics-test-cat-ana_7181",
           +   updatedAt: DateTime
             }
           })

    Argument `updatedAt` is missing.

      41 |     test.setTimeout(180000)
      42 |     // 1. Programmatic database setup
    > 43 |     testCategory = await prisma.category.create({
         |                                          ^
      44 |       data: {
      45 |         name: `Analytics Test Category ${ns}`,
      46 |         slug: `analytics-test-cat-${ns.toLowerCase()}`,
        at E:\jessy-luxury-website\jessy-luxury\e2e\analytics.spec.ts:43:42
        at Dn (E:\jessy-luxury-website\jessy-luxury\node_modules\@prisma\client\runtime\library.js:114:8082)
        at Mn.handleRequestError (E:\jessy-luxury-website\jessy-luxury\node_modules\@prisma\client\runtime\library.js:121:7396)
        at Mn.handleAndLogRequestError (E:\jessy-luxury-website\jessy-luxury\node_modules\@prisma\client\runtime\library.js:121:7061)
        at Mn.request (E:\jessy-luxury-website\jessy-luxury\node_modules\@prisma\client\runtime\library.js:121:6745)
        at l (E:\jessy-luxury-website\jessy-luxury\node_modules\@prisma\client\runtime\library.js:130:9633)
        at E:\jessy-luxury-website\jessy-luxury\e2e\analytics.spec.ts:43:20

    Error Context: test-results\analytics-Jessy-Luxury-Exe-0089c-shots-and-channel-analytics-chromium\error-context.md

    Error Context: test-results\analytics-Jessy-Luxury-Exe-0089c-shots-and-channel-analytics-chromium\error-context.md

    attachment #3: trace (application/zip) ΓöÇΓöÇΓöÇΓöÇΓöÇΓöÇΓöÇΓöÇΓöÇΓöÇΓöÇΓöÇΓöÇΓöÇΓöÇΓöÇΓöÇΓöÇΓöÇΓöÇΓöÇΓöÇΓöÇΓöÇΓöÇΓöÇΓöÇΓöÇΓöÇΓöÇΓöÇΓöÇΓöÇΓöÇΓöÇΓöÇΓöÇΓöÇΓöÇΓöÇΓöÇΓöÇΓöÇΓöÇΓöÇΓöÇΓöÇΓöÇΓöÇΓöÇΓöÇΓöÇΓöÇΓöÇΓöÇΓöÇΓöÇ
    test-results\analytics-Jessy-Luxury-Exe-0089c-shots-and-channel-analytics-chromium\trace.zip
    Usage:

        npx playwright show-trace test-results\analytics-Jessy-Luxury-Exe-0089c-shots-and-channel-analytics-chromium\trace.zip

    ΓöÇΓöÇΓöÇΓöÇΓöÇΓöÇΓöÇΓöÇΓöÇΓöÇΓöÇΓöÇΓöÇΓöÇΓöÇΓöÇΓöÇΓöÇΓöÇΓöÇΓöÇΓöÇΓöÇΓöÇΓöÇΓöÇΓöÇΓöÇΓöÇΓöÇΓöÇΓöÇΓöÇΓöÇΓöÇΓöÇΓöÇΓöÇΓöÇΓöÇΓöÇΓöÇΓöÇΓöÇΓöÇΓöÇΓöÇΓöÇΓöÇΓöÇΓöÇΓöÇΓöÇΓöÇΓöÇΓöÇΓöÇΓöÇΓöÇΓöÇΓöÇΓöÇΓöÇΓöÇΓöÇΓöÇΓöÇΓöÇΓöÇΓöÇΓöÇΓöÇΓöÇΓöÇΓöÇΓöÇΓöÇΓöÇΓöÇΓöÇΓöÇΓöÇΓöÇΓöÇΓöÇΓöÇΓöÇΓöÇΓöÇΓöÇΓöÇΓöÇΓöÇΓöÇΓöÇΓöÇ

  2) [chromium] ΓÇ║ e2e\marketing.spec.ts:97:7 ΓÇ║ Jessy Luxury Sales & Marketing Engine E2E Test ΓÇ║ should validate coupon constraints correctly 

    PrismaClientValidationError: 
    Invalid `prisma.category.upsert()` invocation in
    E:\jessy-luxury-website\jessy-luxury\e2e\marketing.spec.ts:43:42

      40 const sessionVersion = config?.sessionVersion ?? 1
      41 authToken = await generateAdminToken(sessionVersion)
      42 
    ΓåÆ 43 testCategory = await prisma.category.upsert({
           where: {
             name: "Marketing Test Category"
           },
           update: {},
           create: {
             name: "Marketing Test Category",
             slug: "marketing-test-category",
         +   updatedAt: DateTime
           }
         })

    Argument `updatedAt` is missing.

      41 |     authToken = await generateAdminToken(sessionVersion)
      42 |
    > 43 |     testCategory = await prisma.category.upsert({
         |                                          ^
      44 |       where: { name: 'Marketing Test Category' },
      45 |       update: {},
      46 |       create: { name: 'Marketing Test Category', slug: 'marketing-test-category' },
        at E:\jessy-luxury-website\jessy-luxury\e2e\marketing.spec.ts:43:42
        at Dn (E:\jessy-luxury-website\jessy-luxury\node_modules\@prisma\client\runtime\library.js:114:8082)
        at Mn.handleRequestError (E:\jessy-luxury-website\jessy-luxury\node_modules\@prisma\client\runtime\library.js:121:7396)
        at Mn.handleAndLogRequestError (E:\jessy-luxury-website\jessy-luxury\node_modules\@prisma\client\runtime\library.js:121:7061)
        at Mn.request (E:\jessy-luxury-website\jessy-luxury\node_modules\@prisma\client\runtime\library.js:121:6745)
        at l (E:\jessy-luxury-website\jessy-luxury\node_modules\@prisma\client\runtime\library.js:130:9633)
        at E:\jessy-luxury-website\jessy-luxury\e2e\marketing.spec.ts:43:20

    PrismaClientValidationError: 
    Invalid `prisma.campaign.deleteMany()` invocation in
    E:\jessy-luxury-website\jessy-luxury\e2e\marketing.spec.ts:85:27

      82     where: { productId: testProduct.id },
      83   })
      84 }
    ΓåÆ 85 await prisma.campaign.deleteMany({
           where: {
             coupon: {
             ~~~~~~
               code: {
                 contains: "MKT1022"
               }
             },
         ?   AND?: CampaignWhereInput | CampaignWhereInput[],
         ?   OR?: CampaignWhereInput[],
         ?   NOT?: CampaignWhereInput | CampaignWhereInput[],
         ?   id?: IntFilter | Int,
         ?   name?: StringFilter | String,
         ?   description?: StringNullableFilter | String | Null,
         ?   couponId?: IntFilter | Int,
         ?   audience?: StringFilter | String,
         ?   channel?: StringFilter | String,
         ?   startDate?: DateTimeFilter | DateTime,
         ?   endDate?: DateTimeFilter | DateTime,
         ?   isActive?: BoolFilter | Boolean,
         ?   emailEnabled?: BoolFilter | Boolean,
         ?   pushEnabled?: BoolFilter | Boolean,
         ?   websiteEnabled?: BoolFilter | Boolean,
         ?   createdAt?: DateTimeFilter | DateTime,
         ?   updatedAt?: DateTimeFilter | DateTime,
         ?   Coupon?: CouponRelationFilter | CouponWhereInput,
         ?   CouponRedemption?: CouponRedemptionListRelationFilter,
         ?   StoreAnnouncement?: StoreAnnouncementListRelationFilter
           }
         })

    Unknown argument `coupon`. Did you mean `Coupon`? Available options are marked with ?.

      83 |       })
      84 |     }
    > 85 |     await prisma.campaign.deleteMany({
         |                           ^
      86 |       where: { coupon: { code: { contains: codeSuffix } } },
      87 |     })
      88 |     await prisma.coupon.deleteMany({
        at E:\jessy-luxury-website\jessy-luxury\e2e\marketing.spec.ts:85:27
        at Dn (E:\jessy-luxury-website\jessy-luxury\node_modules\@prisma\client\runtime\library.js:114:8082)
        at Mn.handleRequestError (E:\jessy-luxury-website\jessy-luxury\node_modules\@prisma\client\runtime\library.js:121:7396)
        at Mn.handleAndLogRequestError (E:\jessy-luxury-website\jessy-luxury\node_modules\@prisma\client\runtime\library.js:121:7061)
        at Mn.request (E:\jessy-luxury-website\jessy-luxury\node_modules\@prisma\client\runtime\library.js:121:6745)
        at l (E:\jessy-luxury-website\jessy-luxury\node_modules\@prisma\client\runtime\library.js:130:9633)
        at E:\jessy-luxury-website\jessy-luxury\e2e\marketing.spec.ts:85:5

    Error Context: test-results\marketing-Jessy-Luxury-Sal-bee15-oupon-constraints-correctly-chromium\error-context.md

    Error Context: test-results\marketing-Jessy-Luxury-Sal-bee15-oupon-constraints-correctly-chromium\error-context.md

    attachment #3: trace (application/zip) ΓöÇΓöÇΓöÇΓöÇΓöÇΓöÇΓöÇΓöÇΓöÇΓöÇΓöÇΓöÇΓöÇΓöÇΓöÇΓöÇΓöÇΓöÇΓöÇΓöÇΓöÇΓöÇΓöÇΓöÇΓöÇΓöÇΓöÇΓöÇΓöÇΓöÇΓöÇΓöÇΓöÇΓöÇΓöÇΓöÇΓöÇΓöÇΓöÇΓöÇΓöÇΓöÇΓöÇΓöÇΓöÇΓöÇΓöÇΓöÇΓöÇΓöÇΓöÇΓöÇΓöÇΓöÇΓöÇΓöÇΓöÇ
    test-results\marketing-Jessy-Luxury-Sal-bee15-oupon-constraints-correctly-chromium\trace.zip
    Usage:

        npx playwright show-trace test-results\marketing-Jessy-Luxury-Sal-bee15-oupon-constraints-correctly-chromium\trace.zip

    ΓöÇΓöÇΓöÇΓöÇΓöÇΓöÇΓöÇΓöÇΓöÇΓöÇΓöÇΓöÇΓöÇΓöÇΓöÇΓöÇΓöÇΓöÇΓöÇΓöÇΓöÇΓöÇΓöÇΓöÇΓöÇΓöÇΓöÇΓöÇΓöÇΓöÇΓöÇΓöÇΓöÇΓöÇΓöÇΓöÇΓöÇΓöÇΓöÇΓöÇΓöÇΓöÇΓöÇΓöÇΓöÇΓöÇΓöÇΓöÇΓöÇΓöÇΓöÇΓöÇΓöÇΓöÇΓöÇΓöÇΓöÇΓöÇΓöÇΓöÇΓöÇΓöÇΓöÇΓöÇΓöÇΓöÇΓöÇΓöÇΓöÇΓöÇΓöÇΓöÇΓöÇΓöÇΓöÇΓöÇΓöÇΓöÇΓöÇΓöÇΓöÇΓöÇΓöÇΓöÇΓöÇΓöÇΓöÇΓöÇΓöÇΓöÇΓöÇΓöÇΓöÇΓöÇΓöÇΓöÇ

  3) [chromium] ΓÇ║ e2e\notifications.spec.ts:97:7 ΓÇ║ Jessy Luxury Notifications outbox E2E Suite ΓÇ║ should enforce idempotency, outbox claim locking, and credentials fallback mapping 

    PrismaClientValidationError: 
    Invalid `prisma.systemConfig.upsert()` invocation in
    E:\jessy-luxury-website\jessy-luxury\e2e\notifications.spec.ts:31:46

      28 originalOneSignalKey = process.env.ONESIGNAL_API_KEY
      29 
      30 // Ensure SystemConfig record exists so requireAdminAuth doesn't fail
    ΓåÆ 31 const config = await prisma.systemConfig.upsert({
           where: {
             id: 1
           },
           update: {},
           create: {
             id: 1,
             sessionVersion: 1,
         +   updatedAt: DateTime
           }
         })

    Argument `updatedAt` is missing.

      29 |
      30 |     // Ensure SystemConfig record exists so requireAdminAuth doesn't fail
    > 31 |     const config = await prisma.systemConfig.upsert({
         |                                              ^
      32 |       where: { id: 1 },
      33 |       update: {},
      34 |       create: { id: 1, sessionVersion: 1 },
        at E:\jessy-luxury-website\jessy-luxury\e2e\notifications.spec.ts:31:46
        at Dn (E:\jessy-luxury-website\jessy-luxury\node_modules\@prisma\client\runtime\library.js:114:8082)
        at Mn.handleRequestError (E:\jessy-luxury-website\jessy-luxury\node_modules\@prisma\client\runtime\library.js:121:7396)
        at Mn.handleAndLogRequestError (E:\jessy-luxury-website\jessy-luxury\node_modules\@prisma\client\runtime\library.js:121:7061)
        at Mn.request (E:\jessy-luxury-website\jessy-luxury\node_modules\@prisma\client\runtime\library.js:121:6745)
        at l (E:\jessy-luxury-website\jessy-luxury\node_modules\@prisma\client\runtime\library.js:130:9633)
        at E:\jessy-luxury-website\jessy-luxury\e2e\notifications.spec.ts:31:20

    PrismaClientValidationError: 
    Invalid `prisma.notificationDelivery.deleteMany()` invocation in
    E:\jessy-luxury-website\jessy-luxury\e2e\notifications.spec.ts:74:39

      71 if (originalOneSignalKey !== undefined) process.env.ONESIGNAL_API_KEY = originalOneSignalKey
      72 
      73 // Clean up
    ΓåÆ 74 await prisma.notificationDelivery.deleteMany({
           where: {
             notification: {
             ~~~~~~~~~~~~
               eventKey: {
                 startsWith: "notif_test:NOTIF_E2E_9090"
               }
             },
         ?   AND?: NotificationDeliveryWhereInput | NotificationDeliveryWhereInput[],
         ?   OR?: NotificationDeliveryWhereInput[],
         ?   NOT?: NotificationDeliveryWhereInput | NotificationDeliveryWhereInput[],
         ?   id?: IntFilter | Int,
         ?   notificationId?: IntFilter | Int,
         ?   channel?: StringFilter | String,
         ?   provider?: StringFilter | String,
         ?   status?: StringFilter | String,
         ?   providerId?: StringNullableFilter | String | Null,
         ?   attempts?: IntFilter | Int,
         ?   errorMessage?: StringNullableFilter | String | Null,
         ?   nextAttemptAt?: DateTimeNullableFilter | DateTime | Null,
         ?   claimedAt?: DateTimeNullableFilter | DateTime | Null,
         ?   claimedBy?: StringNullableFilter | String | Null,
         ?   sentAt?: DateTimeNullableFilter | DateTime | Null,
         ?   createdAt?: DateTimeFilter | DateTime,
         ?   Notification?: NotificationRelationFilter | NotificationWhereInput
           }
         })

    Unknown argument `notification`. Did you mean `Notification`? Available options are marked with ?.

      72 |
      73 |     // Clean up
    > 74 |     await prisma.notificationDelivery.deleteMany({
         |                                       ^
      75 |       where: {
      76 |         notification: {
      77 |           eventKey: { startsWith: `notif_test:${namespace}` },
        at E:\jessy-luxury-website\jessy-luxury\e2e\notifications.spec.ts:74:39
        at Dn (E:\jessy-luxury-website\jessy-luxury\node_modules\@prisma\client\runtime\library.js:114:8082)
        at Mn.handleRequestError (E:\jessy-luxury-website\jessy-luxury\node_modules\@prisma\client\runtime\library.js:121:7396)
        at Mn.handleAndLogRequestError (E:\jessy-luxury-website\jessy-luxury\node_modules\@prisma\client\runtime\library.js:121:7061)
        at Mn.request (E:\jessy-luxury-website\jessy-luxury\node_modules\@prisma\client\runtime\library.js:121:6745)
        at l (E:\jessy-luxury-website\jessy-luxury\node_modules\@prisma\client\runtime\library.js:130:9633)
        at E:\jessy-luxury-website\jessy-luxury\e2e\notifications.spec.ts:74:5

    Error Context: test-results\notifications-Jessy-Luxury-38be2-redentials-fallback-mapping-chromium\error-context.md

    Error Context: test-results\notifications-Jessy-Luxury-38be2-redentials-fallback-mapping-chromium\error-context.md

    attachment #3: trace (application/zip) ΓöÇΓöÇΓöÇΓöÇΓöÇΓöÇΓöÇΓöÇΓöÇΓöÇΓöÇΓöÇΓöÇΓöÇΓöÇΓöÇΓöÇΓöÇΓöÇΓöÇΓöÇΓöÇΓöÇΓöÇΓöÇΓöÇΓöÇΓöÇΓöÇΓöÇΓöÇΓöÇΓöÇΓöÇΓöÇΓöÇΓöÇΓöÇΓöÇΓöÇΓöÇΓöÇΓöÇΓöÇΓöÇΓöÇΓöÇΓöÇΓöÇΓöÇΓöÇΓöÇΓöÇΓöÇΓöÇΓöÇΓöÇ
    test-results\notifications-Jessy-Luxury-38be2-redentials-fallback-mapping-chromium\trace.zip
    Usage:

        npx playwright show-trace test-results\notifications-Jessy-Luxury-38be2-redentials-fallback-mapping-chromium\trace.zip

    ΓöÇΓöÇΓöÇΓöÇΓöÇΓöÇΓöÇΓöÇΓöÇΓöÇΓöÇΓöÇΓöÇΓöÇΓöÇΓöÇΓöÇΓöÇΓöÇΓöÇΓöÇΓöÇΓöÇΓöÇΓöÇΓöÇΓöÇΓöÇΓöÇΓöÇΓöÇΓöÇΓöÇΓöÇΓöÇΓöÇΓöÇΓöÇΓöÇΓöÇΓöÇΓöÇΓöÇΓöÇΓöÇΓöÇΓöÇΓöÇΓöÇΓöÇΓöÇΓöÇΓöÇΓöÇΓöÇΓöÇΓöÇΓöÇΓöÇΓöÇΓöÇΓöÇΓöÇΓöÇΓöÇΓöÇΓöÇΓöÇΓöÇΓöÇΓöÇΓöÇΓöÇΓöÇΓöÇΓöÇΓöÇΓöÇΓöÇΓöÇΓöÇΓöÇΓöÇΓöÇΓöÇΓöÇΓöÇΓöÇΓöÇΓöÇΓöÇΓöÇΓöÇΓöÇΓöÇΓöÇ

  4) [chromium] ΓÇ║ e2e\settings\authorization.spec.ts:382:7 ΓÇ║ Authorization - Inactive Staff Accounts ΓÇ║ Inactive staff account cannot authenticate 

    Error: expect(received).toBe(expected) // Object.is equality

    Expected: 403
    Received: 401

      391 |     
      392 |     // Inactive staff should get 403 (Forbidden) not 401 (Unauthorized)
    > 393 |     expect(response.status).toBe(403)
          |                             ^
      394 |   })
      395 |
      396 |   test('Inactive staff account rejected on protected resource', async () => {
        at E:\jessy-luxury-website\jessy-luxury\e2e\settings\authorization.spec.ts:393:29

    Error Context: test-results\settings-authorization-Aut-7c0a0-account-cannot-authenticate-chromium\error-context.md

    attachment #2: trace (application/zip) ΓöÇΓöÇΓöÇΓöÇΓöÇΓöÇΓöÇΓöÇΓöÇΓöÇΓöÇΓöÇΓöÇΓöÇΓöÇΓöÇΓöÇΓöÇΓöÇΓöÇΓöÇΓöÇΓöÇΓöÇΓöÇΓöÇΓöÇΓöÇΓöÇΓöÇΓöÇΓöÇΓöÇΓöÇΓöÇΓöÇΓöÇΓöÇΓöÇΓöÇΓöÇΓöÇΓöÇΓöÇΓöÇΓöÇΓöÇΓöÇΓöÇΓöÇΓöÇΓöÇΓöÇΓöÇΓöÇΓöÇΓöÇ
    test-results\settings-authorization-Aut-7c0a0-account-cannot-authenticate-chromium\trace.zip
    Usage:

        npx playwright show-trace test-results\settings-authorization-Aut-7c0a0-account-cannot-authenticate-chromium\trace.zip

    ΓöÇΓöÇΓöÇΓöÇΓöÇΓöÇΓöÇΓöÇΓöÇΓöÇΓöÇΓöÇΓöÇΓöÇΓöÇΓöÇΓöÇΓöÇΓöÇΓöÇΓöÇΓöÇΓöÇΓöÇΓöÇΓöÇΓöÇΓöÇΓöÇΓöÇΓöÇΓöÇΓöÇΓöÇΓöÇΓöÇΓöÇΓöÇΓöÇΓöÇΓöÇΓöÇΓöÇΓöÇΓöÇΓöÇΓöÇΓöÇΓöÇΓöÇΓöÇΓöÇΓöÇΓöÇΓöÇΓöÇΓöÇΓöÇΓöÇΓöÇΓöÇΓöÇΓöÇΓöÇΓöÇΓöÇΓöÇΓöÇΓöÇΓöÇΓöÇΓöÇΓöÇΓöÇΓöÇΓöÇΓöÇΓöÇΓöÇΓöÇΓöÇΓöÇΓöÇΓöÇΓöÇΓöÇΓöÇΓöÇΓöÇΓöÇΓöÇΓöÇΓöÇΓöÇΓöÇΓöÇ

  5) [chromium] ΓÇ║ e2e\settings\import-export.spec.ts:140:7 ΓÇ║ Configuration Import/Export ΓÇ║ should import valid configuration successfully 

    Error: expect(received).toBe(expected) // Object.is equality

    Expected: 200
    Received: 500

      175 |     })
      176 |
    > 177 |     expect(response.status()).toBe(200)
          |                               ^
      178 |     const result = await response.json()
      179 |     expect(result.success).toBe(true)
      180 |   })
        at E:\jessy-luxury-website\jessy-luxury\e2e\settings\import-export.spec.ts:177:31

    Error Context: test-results\settings-import-export-Con-ebbd3--configuration-successfully-chromium\error-context.md

    attachment #2: trace (application/zip) ΓöÇΓöÇΓöÇΓöÇΓöÇΓöÇΓöÇΓöÇΓöÇΓöÇΓöÇΓöÇΓöÇΓöÇΓöÇΓöÇΓöÇΓöÇΓöÇΓöÇΓöÇΓöÇΓöÇΓöÇΓöÇΓöÇΓöÇΓöÇΓöÇΓöÇΓöÇΓöÇΓöÇΓöÇΓöÇΓöÇΓöÇΓöÇΓöÇΓöÇΓöÇΓöÇΓöÇΓöÇΓöÇΓöÇΓöÇΓöÇΓöÇΓöÇΓöÇΓöÇΓöÇΓöÇΓöÇΓöÇΓöÇ
    test-results\settings-import-export-Con-ebbd3--configuration-successfully-chromium\trace.zip
    Usage:

        npx playwright show-trace test-results\settings-import-export-Con-ebbd3--configuration-successfully-chromium\trace.zip

    ΓöÇΓöÇΓöÇΓöÇΓöÇΓöÇΓöÇΓöÇΓöÇΓöÇΓöÇΓöÇΓöÇΓöÇΓöÇΓöÇΓöÇΓöÇΓöÇΓöÇΓöÇΓöÇΓöÇΓöÇΓöÇΓöÇΓöÇΓöÇΓöÇΓöÇΓöÇΓöÇΓöÇΓöÇΓöÇΓöÇΓöÇΓöÇΓöÇΓöÇΓöÇΓöÇΓöÇΓöÇΓöÇΓöÇΓöÇΓöÇΓöÇΓöÇΓöÇΓöÇΓöÇΓöÇΓöÇΓöÇΓöÇΓöÇΓöÇΓöÇΓöÇΓöÇΓöÇΓöÇΓöÇΓöÇΓöÇΓöÇΓöÇΓöÇΓöÇΓöÇΓöÇΓöÇΓöÇΓöÇΓöÇΓöÇΓöÇΓöÇΓöÇΓöÇΓöÇΓöÇΓöÇΓöÇΓöÇΓöÇΓöÇΓöÇΓöÇΓöÇΓöÇΓöÇΓöÇΓöÇ

  6) [chromium] ΓÇ║ e2e\settings\shell-integration.spec.ts:9:7 ΓÇ║ Settings Shell Integration - P11-T054 Checkpoint ΓÇ║ Settings page is accessible and displays main UI 

    Error: expect(locator).toContainText(expected) failed

    Locator: locator('h1')
    Expected substring: "Settings"
    Received string:    "Smell expensive. Feel unforgettable."
    Timeout: 15000ms

    Call log:
      - Expect "toContainText" with timeout 15000ms
      - waiting for locator('h1')
        33 ├ù locator resolved to <h1 class="font-display text-5xl font-bold leading-[0.98] text-white sm:text-7xl lg:text-[88px] drop-shadow-lg">ΓÇª</h1>
           - unexpected value "Smell expensive. Feel unforgettable."


      18 |     // Check that the settings page title is visible
      19 |     const title = page.locator('h1')
    > 20 |     await expect(title).toContainText('Settings')
         |                         ^
      21 |   })
      22 |
      23 |   test('All 7 settings tabs are present on the page', async ({ page }) => {
        at E:\jessy-luxury-website\jessy-luxury\e2e\settings\shell-integration.spec.ts:20:25

    attachment #1: screenshot (image/png) ΓöÇΓöÇΓöÇΓöÇΓöÇΓöÇΓöÇΓöÇΓöÇΓöÇΓöÇΓöÇΓöÇΓöÇΓöÇΓöÇΓöÇΓöÇΓöÇΓöÇΓöÇΓöÇΓöÇΓöÇΓöÇΓöÇΓöÇΓöÇΓöÇΓöÇΓöÇΓöÇΓöÇΓöÇΓöÇΓöÇΓöÇΓöÇΓöÇΓöÇΓöÇΓöÇΓöÇΓöÇΓöÇΓöÇΓöÇΓöÇΓöÇΓöÇΓöÇΓöÇΓöÇΓöÇΓöÇΓöÇΓöÇΓöÇ
    test-results\settings-shell-integration-e1417-ssible-and-displays-main-UI-chromium\test-failed-1.png
    ΓöÇΓöÇΓöÇΓöÇΓöÇΓöÇΓöÇΓöÇΓöÇΓöÇΓöÇΓöÇΓöÇΓöÇΓöÇΓöÇΓöÇΓöÇΓöÇΓöÇΓöÇΓöÇΓöÇΓöÇΓöÇΓöÇΓöÇΓöÇΓöÇΓöÇΓöÇΓöÇΓöÇΓöÇΓöÇΓöÇΓöÇΓöÇΓöÇΓöÇΓöÇΓöÇΓöÇΓöÇΓöÇΓöÇΓöÇΓöÇΓöÇΓöÇΓöÇΓöÇΓöÇΓöÇΓöÇΓöÇΓöÇΓöÇΓöÇΓöÇΓöÇΓöÇΓöÇΓöÇΓöÇΓöÇΓöÇΓöÇΓöÇΓöÇΓöÇΓöÇΓöÇΓöÇΓöÇΓöÇΓöÇΓöÇΓöÇΓöÇΓöÇΓöÇΓöÇΓöÇΓöÇΓöÇΓöÇΓöÇΓöÇΓöÇΓöÇΓöÇΓöÇΓöÇΓöÇΓöÇ

    Error Context: test-results\settings-shell-integration-e1417-ssible-and-displays-main-UI-chromium\error-context.md

    attachment #3: trace (application/zip) ΓöÇΓöÇΓöÇΓöÇΓöÇΓöÇΓöÇΓöÇΓöÇΓöÇΓöÇΓöÇΓöÇΓöÇΓöÇΓöÇΓöÇΓöÇΓöÇΓöÇΓöÇΓöÇΓöÇΓöÇΓöÇΓöÇΓöÇΓöÇΓöÇΓöÇΓöÇΓöÇΓöÇΓöÇΓöÇΓöÇΓöÇΓöÇΓöÇΓöÇΓöÇΓöÇΓöÇΓöÇΓöÇΓöÇΓöÇΓöÇΓöÇΓöÇΓöÇΓöÇΓöÇΓöÇΓöÇΓöÇΓöÇ
    test-results\settings-shell-integration-e1417-ssible-and-displays-main-UI-chromium\trace.zip
    Usage:

        npx playwright show-trace test-results\settings-shell-integration-e1417-ssible-and-displays-main-UI-chromium\trace.zip

    ΓöÇΓöÇΓöÇΓöÇΓöÇΓöÇΓöÇΓöÇΓöÇΓöÇΓöÇΓöÇΓöÇΓöÇΓöÇΓöÇΓöÇΓöÇΓöÇΓöÇΓöÇΓöÇΓöÇΓöÇΓöÇΓöÇΓöÇΓöÇΓöÇΓöÇΓöÇΓöÇΓöÇΓöÇΓöÇΓöÇΓöÇΓöÇΓöÇΓöÇΓöÇΓöÇΓöÇΓöÇΓöÇΓöÇΓöÇΓöÇΓöÇΓöÇΓöÇΓöÇΓöÇΓöÇΓöÇΓöÇΓöÇΓöÇΓöÇΓöÇΓöÇΓöÇΓöÇΓöÇΓöÇΓöÇΓöÇΓöÇΓöÇΓöÇΓöÇΓöÇΓöÇΓöÇΓöÇΓöÇΓöÇΓöÇΓöÇΓöÇΓöÇΓöÇΓöÇΓöÇΓöÇΓöÇΓöÇΓöÇΓöÇΓöÇΓöÇΓöÇΓöÇΓöÇΓöÇΓöÇ

  7) [chromium] ΓÇ║ e2e\settings\shell-integration.spec.ts:23:7 ΓÇ║ Settings Shell Integration - P11-T054 Checkpoint ΓÇ║ All 7 settings tabs are present on the page 

    Error: expect(received).toBeGreaterThanOrEqual(expected)

    Expected: >= 7
    Received:    0

      32 |     
      33 |     // Should have at least 7 tabs
    > 34 |     expect(count).toBeGreaterThanOrEqual(7)
         |                   ^
      35 |   })
      36 |
      37 |   test('Tab navigation structure is intact', async ({ page }) => {
        at E:\jessy-luxury-website\jessy-luxury\e2e\settings\shell-integration.spec.ts:34:19

    attachment #1: screenshot (image/png) ΓöÇΓöÇΓöÇΓöÇΓöÇΓöÇΓöÇΓöÇΓöÇΓöÇΓöÇΓöÇΓöÇΓöÇΓöÇΓöÇΓöÇΓöÇΓöÇΓöÇΓöÇΓöÇΓöÇΓöÇΓöÇΓöÇΓöÇΓöÇΓöÇΓöÇΓöÇΓöÇΓöÇΓöÇΓöÇΓöÇΓöÇΓöÇΓöÇΓöÇΓöÇΓöÇΓöÇΓöÇΓöÇΓöÇΓöÇΓöÇΓöÇΓöÇΓöÇΓöÇΓöÇΓöÇΓöÇΓöÇΓöÇΓöÇ
    test-results\settings-shell-integration-b4e65-abs-are-present-on-the-page-chromium\test-failed-1.png
    ΓöÇΓöÇΓöÇΓöÇΓöÇΓöÇΓöÇΓöÇΓöÇΓöÇΓöÇΓöÇΓöÇΓöÇΓöÇΓöÇΓöÇΓöÇΓöÇΓöÇΓöÇΓöÇΓöÇΓöÇΓöÇΓöÇΓöÇΓöÇΓöÇΓöÇΓöÇΓöÇΓöÇΓöÇΓöÇΓöÇΓöÇΓöÇΓöÇΓöÇΓöÇΓöÇΓöÇΓöÇΓöÇΓöÇΓöÇΓöÇΓöÇΓöÇΓöÇΓöÇΓöÇΓöÇΓöÇΓöÇΓöÇΓöÇΓöÇΓöÇΓöÇΓöÇΓöÇΓöÇΓöÇΓöÇΓöÇΓöÇΓöÇΓöÇΓöÇΓöÇΓöÇΓöÇΓöÇΓöÇΓöÇΓöÇΓöÇΓöÇΓöÇΓöÇΓöÇΓöÇΓöÇΓöÇΓöÇΓöÇΓöÇΓöÇΓöÇΓöÇΓöÇΓöÇΓöÇΓöÇ

    Error Context: test-results\settings-shell-integration-b4e65-abs-are-present-on-the-page-chromium\error-context.md

    attachment #3: trace (application/zip) ΓöÇΓöÇΓöÇΓöÇΓöÇΓöÇΓöÇΓöÇΓöÇΓöÇΓöÇΓöÇΓöÇΓöÇΓöÇΓöÇΓöÇΓöÇΓöÇΓöÇΓöÇΓöÇΓöÇΓöÇΓöÇΓöÇΓöÇΓöÇΓöÇΓöÇΓöÇΓöÇΓöÇΓöÇΓöÇΓöÇΓöÇΓöÇΓöÇΓöÇΓöÇΓöÇΓöÇΓöÇΓöÇΓöÇΓöÇΓöÇΓöÇΓöÇΓöÇΓöÇΓöÇΓöÇΓöÇΓöÇΓöÇ
    test-results\settings-shell-integration-b4e65-abs-are-present-on-the-page-chromium\trace.zip
    Usage:

        npx playwright show-trace test-results\settings-shell-integration-b4e65-abs-are-present-on-the-page-chromium\trace.zip

    ΓöÇΓöÇΓöÇΓöÇΓöÇΓöÇΓöÇΓöÇΓöÇΓöÇΓöÇΓöÇΓöÇΓöÇΓöÇΓöÇΓöÇΓöÇΓöÇΓöÇΓöÇΓöÇΓöÇΓöÇΓöÇΓöÇΓöÇΓöÇΓöÇΓöÇΓöÇΓöÇΓöÇΓöÇΓöÇΓöÇΓöÇΓöÇΓöÇΓöÇΓöÇΓöÇΓöÇΓöÇΓöÇΓöÇΓöÇΓöÇΓöÇΓöÇΓöÇΓöÇΓöÇΓöÇΓöÇΓöÇΓöÇΓöÇΓöÇΓöÇΓöÇΓöÇΓöÇΓöÇΓöÇΓöÇΓöÇΓöÇΓöÇΓöÇΓöÇΓöÇΓöÇΓöÇΓöÇΓöÇΓöÇΓöÇΓöÇΓöÇΓöÇΓöÇΓöÇΓöÇΓöÇΓöÇΓöÇΓöÇΓöÇΓöÇΓöÇΓöÇΓöÇΓöÇΓöÇΓöÇ

  8) [chromium] ΓÇ║ e2e\settings\shell-integration.spec.ts:37:7 ΓÇ║ Settings Shell Integration - P11-T054 Checkpoint ΓÇ║ Tab navigation structure is intact 

    Error: expect(locator).toBeVisible() failed

    Locator: locator('[role="tablist"]')
    Expected: visible
    Timeout: 15000ms
    Error: element(s) not found

    Call log:
      - Expect "toBeVisible" with timeout 15000ms
      - waiting for locator('[role="tablist"]')


      45 |     const tabPanels = page.locator('[role="tabpanel"]')
      46 |     
    > 47 |     await expect(tabList).toBeVisible()
         |                           ^
      48 |     const panelCount = await tabPanels.count()
      49 |     expect(panelCount).toBeGreaterThan(0)
      50 |   })
        at E:\jessy-luxury-website\jessy-luxury\e2e\settings\shell-integration.spec.ts:47:27

    attachment #1: screenshot (image/png) ΓöÇΓöÇΓöÇΓöÇΓöÇΓöÇΓöÇΓöÇΓöÇΓöÇΓöÇΓöÇΓöÇΓöÇΓöÇΓöÇΓöÇΓöÇΓöÇΓöÇΓöÇΓöÇΓöÇΓöÇΓöÇΓöÇΓöÇΓöÇΓöÇΓöÇΓöÇΓöÇΓöÇΓöÇΓöÇΓöÇΓöÇΓöÇΓöÇΓöÇΓöÇΓöÇΓöÇΓöÇΓöÇΓöÇΓöÇΓöÇΓöÇΓöÇΓöÇΓöÇΓöÇΓöÇΓöÇΓöÇΓöÇΓöÇ
    test-results\settings-shell-integration-5c9ee-igation-structure-is-intact-chromium\test-failed-1.png
    ΓöÇΓöÇΓöÇΓöÇΓöÇΓöÇΓöÇΓöÇΓöÇΓöÇΓöÇΓöÇΓöÇΓöÇΓöÇΓöÇΓöÇΓöÇΓöÇΓöÇΓöÇΓöÇΓöÇΓöÇΓöÇΓöÇΓöÇΓöÇΓöÇΓöÇΓöÇΓöÇΓöÇΓöÇΓöÇΓöÇΓöÇΓöÇΓöÇΓöÇΓöÇΓöÇΓöÇΓöÇΓöÇΓöÇΓöÇΓöÇΓöÇΓöÇΓöÇΓöÇΓöÇΓöÇΓöÇΓöÇΓöÇΓöÇΓöÇΓöÇΓöÇΓöÇΓöÇΓöÇΓöÇΓöÇΓöÇΓöÇΓöÇΓöÇΓöÇΓöÇΓöÇΓöÇΓöÇΓöÇΓöÇΓöÇΓöÇΓöÇΓöÇΓöÇΓöÇΓöÇΓöÇΓöÇΓöÇΓöÇΓöÇΓöÇΓöÇΓöÇΓöÇΓöÇΓöÇΓöÇ

    Error Context: test-results\settings-shell-integration-5c9ee-igation-structure-is-intact-chromium\error-context.md

    attachment #3: trace (application/zip) ΓöÇΓöÇΓöÇΓöÇΓöÇΓöÇΓöÇΓöÇΓöÇΓöÇΓöÇΓöÇΓöÇΓöÇΓöÇΓöÇΓöÇΓöÇΓöÇΓöÇΓöÇΓöÇΓöÇΓöÇΓöÇΓöÇΓöÇΓöÇΓöÇΓöÇΓöÇΓöÇΓöÇΓöÇΓöÇΓöÇΓöÇΓöÇΓöÇΓöÇΓöÇΓöÇΓöÇΓöÇΓöÇΓöÇΓöÇΓöÇΓöÇΓöÇΓöÇΓöÇΓöÇΓöÇΓöÇΓöÇΓöÇ
    test-results\settings-shell-integration-5c9ee-igation-structure-is-intact-chromium\trace.zip
    Usage:

        npx playwright show-trace test-results\settings-shell-integration-5c9ee-igation-structure-is-intact-chromium\trace.zip

    ΓöÇΓöÇΓöÇΓöÇΓöÇΓöÇΓöÇΓöÇΓöÇΓöÇΓöÇΓöÇΓöÇΓöÇΓöÇΓöÇΓöÇΓöÇΓöÇΓöÇΓöÇΓöÇΓöÇΓöÇΓöÇΓöÇΓöÇΓöÇΓöÇΓöÇΓöÇΓöÇΓöÇΓöÇΓöÇΓöÇΓöÇΓöÇΓöÇΓöÇΓöÇΓöÇΓöÇΓöÇΓöÇΓöÇΓöÇΓöÇΓöÇΓöÇΓöÇΓöÇΓöÇΓöÇΓöÇΓöÇΓöÇΓöÇΓöÇΓöÇΓöÇΓöÇΓöÇΓöÇΓöÇΓöÇΓöÇΓöÇΓöÇΓöÇΓöÇΓöÇΓöÇΓöÇΓöÇΓöÇΓöÇΓöÇΓöÇΓöÇΓöÇΓöÇΓöÇΓöÇΓöÇΓöÇΓöÇΓöÇΓöÇΓöÇΓöÇΓöÇΓöÇΓöÇΓöÇΓöÇ

  9) [chromium] ΓÇ║ e2e\settings\shell-integration.spec.ts:52:7 ΓÇ║ Settings Shell Integration - P11-T054 Checkpoint ΓÇ║ Settings link is present in admin dashboard navigation 

    Error: expect(received).toBe(expected) // Object.is equality

    Expected: true
    Received: false

      61 |     // It should exist in the page
      62 |     const exists = await settingsLink.count().then(c => c > 0)
    > 63 |     expect(exists).toBe(true)
         |                    ^
      64 |   })
      65 |
      66 |   test('P11-T054: Settings shell integration is complete and functional', async ({ page }) => {
        at E:\jessy-luxury-website\jessy-luxury\e2e\settings\shell-integration.spec.ts:63:20

    attachment #1: screenshot (image/png) ΓöÇΓöÇΓöÇΓöÇΓöÇΓöÇΓöÇΓöÇΓöÇΓöÇΓöÇΓöÇΓöÇΓöÇΓöÇΓöÇΓöÇΓöÇΓöÇΓöÇΓöÇΓöÇΓöÇΓöÇΓöÇΓöÇΓöÇΓöÇΓöÇΓöÇΓöÇΓöÇΓöÇΓöÇΓöÇΓöÇΓöÇΓöÇΓöÇΓöÇΓöÇΓöÇΓöÇΓöÇΓöÇΓöÇΓöÇΓöÇΓöÇΓöÇΓöÇΓöÇΓöÇΓöÇΓöÇΓöÇΓöÇΓöÇ
    test-results\settings-shell-integration-856d5--admin-dashboard-navigation-chromium\test-failed-1.png
    ΓöÇΓöÇΓöÇΓöÇΓöÇΓöÇΓöÇΓöÇΓöÇΓöÇΓöÇΓöÇΓöÇΓöÇΓöÇΓöÇΓöÇΓöÇΓöÇΓöÇΓöÇΓöÇΓöÇΓöÇΓöÇΓöÇΓöÇΓöÇΓöÇΓöÇΓöÇΓöÇΓöÇΓöÇΓöÇΓöÇΓöÇΓöÇΓöÇΓöÇΓöÇΓöÇΓöÇΓöÇΓöÇΓöÇΓöÇΓöÇΓöÇΓöÇΓöÇΓöÇΓöÇΓöÇΓöÇΓöÇΓöÇΓöÇΓöÇΓöÇΓöÇΓöÇΓöÇΓöÇΓöÇΓöÇΓöÇΓöÇΓöÇΓöÇΓöÇΓöÇΓöÇΓöÇΓöÇΓöÇΓöÇΓöÇΓöÇΓöÇΓöÇΓöÇΓöÇΓöÇΓöÇΓöÇΓöÇΓöÇΓöÇΓöÇΓöÇΓöÇΓöÇΓöÇΓöÇΓöÇ

    Error Context: test-results\settings-shell-integration-856d5--admin-dashboard-navigation-chromium\error-context.md

    attachment #3: trace (application/zip) ΓöÇΓöÇΓöÇΓöÇΓöÇΓöÇΓöÇΓöÇΓöÇΓöÇΓöÇΓöÇΓöÇΓöÇΓöÇΓöÇΓöÇΓöÇΓöÇΓöÇΓöÇΓöÇΓöÇΓöÇΓöÇΓöÇΓöÇΓöÇΓöÇΓöÇΓöÇΓöÇΓöÇΓöÇΓöÇΓöÇΓöÇΓöÇΓöÇΓöÇΓöÇΓöÇΓöÇΓöÇΓöÇΓöÇΓöÇΓöÇΓöÇΓöÇΓöÇΓöÇΓöÇΓöÇΓöÇΓöÇΓöÇ
    test-results\settings-shell-integration-856d5--admin-dashboard-navigation-chromium\trace.zip
    Usage:

        npx playwright show-trace test-results\settings-shell-integration-856d5--admin-dashboard-navigation-chromium\trace.zip

    ΓöÇΓöÇΓöÇΓöÇΓöÇΓöÇΓöÇΓöÇΓöÇΓöÇΓöÇΓöÇΓöÇΓöÇΓöÇΓöÇΓöÇΓöÇΓöÇΓöÇΓöÇΓöÇΓöÇΓöÇΓöÇΓöÇΓöÇΓöÇΓöÇΓöÇΓöÇΓöÇΓöÇΓöÇΓöÇΓöÇΓöÇΓöÇΓöÇΓöÇΓöÇΓöÇΓöÇΓöÇΓöÇΓöÇΓöÇΓöÇΓöÇΓöÇΓöÇΓöÇΓöÇΓöÇΓöÇΓöÇΓöÇΓöÇΓöÇΓöÇΓöÇΓöÇΓöÇΓöÇΓöÇΓöÇΓöÇΓöÇΓöÇΓöÇΓöÇΓöÇΓöÇΓöÇΓöÇΓöÇΓöÇΓöÇΓöÇΓöÇΓöÇΓöÇΓöÇΓöÇΓöÇΓöÇΓöÇΓöÇΓöÇΓöÇΓöÇΓöÇΓöÇΓöÇΓöÇΓöÇ

  10) [chromium] ΓÇ║ e2e\settings\shell-integration.spec.ts:66:7 ΓÇ║ Settings Shell Integration - P11-T054 Checkpoint ΓÇ║ P11-T054: Settings shell integration is complete and functional 

    Error: expect(locator).toBeVisible() failed

    Locator: locator('div.min-h-screen')
    Expected: visible
    Timeout: 15000ms
    Error: element(s) not found

    Call log:
      - Expect "toBeVisible" with timeout 15000ms
      - waiting for locator('div.min-h-screen')


      73 |     // Verify the page structure
      74 |     const mainContent = page.locator('div.min-h-screen')
    > 75 |     await expect(mainContent).toBeVisible()
         |                               ^
      76 |     
      77 |     // Verify title exists
      78 |     const title = page.locator('h1:has-text("Settings")')
        at E:\jessy-luxury-website\jessy-luxury\e2e\settings\shell-integration.spec.ts:75:31

    attachment #1: screenshot (image/png) ΓöÇΓöÇΓöÇΓöÇΓöÇΓöÇΓöÇΓöÇΓöÇΓöÇΓöÇΓöÇΓöÇΓöÇΓöÇΓöÇΓöÇΓöÇΓöÇΓöÇΓöÇΓöÇΓöÇΓöÇΓöÇΓöÇΓöÇΓöÇΓöÇΓöÇΓöÇΓöÇΓöÇΓöÇΓöÇΓöÇΓöÇΓöÇΓöÇΓöÇΓöÇΓöÇΓöÇΓöÇΓöÇΓöÇΓöÇΓöÇΓöÇΓöÇΓöÇΓöÇΓöÇΓöÇΓöÇΓöÇΓöÇΓöÇ
    test-results\settings-shell-integration-42908--is-complete-and-functional-chromium\test-failed-1.png
    ΓöÇΓöÇΓöÇΓöÇΓöÇΓöÇΓöÇΓöÇΓöÇΓöÇΓöÇΓöÇΓöÇΓöÇΓöÇΓöÇΓöÇΓöÇΓöÇΓöÇΓöÇΓöÇΓöÇΓöÇΓöÇΓöÇΓöÇΓöÇΓöÇΓöÇΓöÇΓöÇΓöÇΓöÇΓöÇΓöÇΓöÇΓöÇΓöÇΓöÇΓöÇΓöÇΓöÇΓöÇΓöÇΓöÇΓöÇΓöÇΓöÇΓöÇΓöÇΓöÇΓöÇΓöÇΓöÇΓöÇΓöÇΓöÇΓöÇΓöÇΓöÇΓöÇΓöÇΓöÇΓöÇΓöÇΓöÇΓöÇΓöÇΓöÇΓöÇΓöÇΓöÇΓöÇΓöÇΓöÇΓöÇΓöÇΓöÇΓöÇΓöÇΓöÇΓöÇΓöÇΓöÇΓöÇΓöÇΓöÇΓöÇΓöÇΓöÇΓöÇΓöÇΓöÇΓöÇΓöÇ

    Error Context: test-results\settings-shell-integration-42908--is-complete-and-functional-chromium\error-context.md

    attachment #3: trace (application/zip) ΓöÇΓöÇΓöÇΓöÇΓöÇΓöÇΓöÇΓöÇΓöÇΓöÇΓöÇΓöÇΓöÇΓöÇΓöÇΓöÇΓöÇΓöÇΓöÇΓöÇΓöÇΓöÇΓöÇΓöÇΓöÇΓöÇΓöÇΓöÇΓöÇΓöÇΓöÇΓöÇΓöÇΓöÇΓöÇΓöÇΓöÇΓöÇΓöÇΓöÇΓöÇΓöÇΓöÇΓöÇΓöÇΓöÇΓöÇΓöÇΓöÇΓöÇΓöÇΓöÇΓöÇΓöÇΓöÇΓöÇΓöÇ
    test-results\settings-shell-integration-42908--is-complete-and-functional-chromium\trace.zip
    Usage:

        npx playwright show-trace test-results\settings-shell-integration-42908--is-complete-and-functional-chromium\trace.zip

    ΓöÇΓöÇΓöÇΓöÇΓöÇΓöÇΓöÇΓöÇΓöÇΓöÇΓöÇΓöÇΓöÇΓöÇΓöÇΓöÇΓöÇΓöÇΓöÇΓöÇΓöÇΓöÇΓöÇΓöÇΓöÇΓöÇΓöÇΓöÇΓöÇΓöÇΓöÇΓöÇΓöÇΓöÇΓöÇΓöÇΓöÇΓöÇΓöÇΓöÇΓöÇΓöÇΓöÇΓöÇΓöÇΓöÇΓöÇΓöÇΓöÇΓöÇΓöÇΓöÇΓöÇΓöÇΓöÇΓöÇΓöÇΓöÇΓöÇΓöÇΓöÇΓöÇΓöÇΓöÇΓöÇΓöÇΓöÇΓöÇΓöÇΓöÇΓöÇΓöÇΓöÇΓöÇΓöÇΓöÇΓöÇΓöÇΓöÇΓöÇΓöÇΓöÇΓöÇΓöÇΓöÇΓöÇΓöÇΓöÇΓöÇΓöÇΓöÇΓöÇΓöÇΓöÇΓöÇΓöÇ

  11) [chromium] ΓÇ║ e2e\settings\shell.spec.ts:9:7 ΓÇ║ Settings Shell Integration - P11-T052, P11-T053, P11-T054 ΓÇ║ P11-T052: Settings page loads successfully 

    Error: expect(locator).toBeVisible() failed

    Locator: locator('h1:has-text("Settings")')
    Expected: visible
    Timeout: 15000ms
    Error: element(s) not found

    Call log:
      - Expect "toBeVisible" with timeout 15000ms
      - waiting for locator('h1:has-text("Settings")')


      11 |     
      12 |     // Check for main page title
    > 13 |     await expect(page.locator('h1:has-text("Settings")')).toBeVisible()
         |                                                           ^
      14 |     await expect(page.locator('text=Manage your business configuration and preferences')).toBeVisible()
      15 |   })
      16 |
        at E:\jessy-luxury-website\jessy-luxury\e2e\settings\shell.spec.ts:13:59

    attachment #1: screenshot (image/png) ΓöÇΓöÇΓöÇΓöÇΓöÇΓöÇΓöÇΓöÇΓöÇΓöÇΓöÇΓöÇΓöÇΓöÇΓöÇΓöÇΓöÇΓöÇΓöÇΓöÇΓöÇΓöÇΓöÇΓöÇΓöÇΓöÇΓöÇΓöÇΓöÇΓöÇΓöÇΓöÇΓöÇΓöÇΓöÇΓöÇΓöÇΓöÇΓöÇΓöÇΓöÇΓöÇΓöÇΓöÇΓöÇΓöÇΓöÇΓöÇΓöÇΓöÇΓöÇΓöÇΓöÇΓöÇΓöÇΓöÇΓöÇΓöÇ
    test-results\settings-shell-Settings-Sh-b7b6b-ngs-page-loads-successfully-chromium\test-failed-1.png
    ΓöÇΓöÇΓöÇΓöÇΓöÇΓöÇΓöÇΓöÇΓöÇΓöÇΓöÇΓöÇΓöÇΓöÇΓöÇΓöÇΓöÇΓöÇΓöÇΓöÇΓöÇΓöÇΓöÇΓöÇΓöÇΓöÇΓöÇΓöÇΓöÇΓöÇΓöÇΓöÇΓöÇΓöÇΓöÇΓöÇΓöÇΓöÇΓöÇΓöÇΓöÇΓöÇΓöÇΓöÇΓöÇΓöÇΓöÇΓöÇΓöÇΓöÇΓöÇΓöÇΓöÇΓöÇΓöÇΓöÇΓöÇΓöÇΓöÇΓöÇΓöÇΓöÇΓöÇΓöÇΓöÇΓöÇΓöÇΓöÇΓöÇΓöÇΓöÇΓöÇΓöÇΓöÇΓöÇΓöÇΓöÇΓöÇΓöÇΓöÇΓöÇΓöÇΓöÇΓöÇΓöÇΓöÇΓöÇΓöÇΓöÇΓöÇΓöÇΓöÇΓöÇΓöÇΓöÇΓöÇ

    Error Context: test-results\settings-shell-Settings-Sh-b7b6b-ngs-page-loads-successfully-chromium\error-context.md

    attachment #3: trace (application/zip) ΓöÇΓöÇΓöÇΓöÇΓöÇΓöÇΓöÇΓöÇΓöÇΓöÇΓöÇΓöÇΓöÇΓöÇΓöÇΓöÇΓöÇΓöÇΓöÇΓöÇΓöÇΓöÇΓöÇΓöÇΓöÇΓöÇΓöÇΓöÇΓöÇΓöÇΓöÇΓöÇΓöÇΓöÇΓöÇΓöÇΓöÇΓöÇΓöÇΓöÇΓöÇΓöÇΓöÇΓöÇΓöÇΓöÇΓöÇΓöÇΓöÇΓöÇΓöÇΓöÇΓöÇΓöÇΓöÇΓöÇΓöÇ
    test-results\settings-shell-Settings-Sh-b7b6b-ngs-page-loads-successfully-chromium\trace.zip
    Usage:

        npx playwright show-trace test-results\settings-shell-Settings-Sh-b7b6b-ngs-page-loads-successfully-chromium\trace.zip

    ΓöÇΓöÇΓöÇΓöÇΓöÇΓöÇΓöÇΓöÇΓöÇΓöÇΓöÇΓöÇΓöÇΓöÇΓöÇΓöÇΓöÇΓöÇΓöÇΓöÇΓöÇΓöÇΓöÇΓöÇΓöÇΓöÇΓöÇΓöÇΓöÇΓöÇΓöÇΓöÇΓöÇΓöÇΓöÇΓöÇΓöÇΓöÇΓöÇΓöÇΓöÇΓöÇΓöÇΓöÇΓöÇΓöÇΓöÇΓöÇΓöÇΓöÇΓöÇΓöÇΓöÇΓöÇΓöÇΓöÇΓöÇΓöÇΓöÇΓöÇΓöÇΓöÇΓöÇΓöÇΓöÇΓöÇΓöÇΓöÇΓöÇΓöÇΓöÇΓöÇΓöÇΓöÇΓöÇΓöÇΓöÇΓöÇΓöÇΓöÇΓöÇΓöÇΓöÇΓöÇΓöÇΓöÇΓöÇΓöÇΓöÇΓöÇΓöÇΓöÇΓöÇΓöÇΓöÇΓöÇ

  12) [chromium] ΓÇ║ e2e\settings\shell.spec.ts:17:7 ΓÇ║ Settings Shell Integration - P11-T052, P11-T053, P11-T054 ΓÇ║ P11-T052: All 7 tabs visible and accessible 

    Error: expect(locator).toBeVisible() failed

    Locator: locator('button:has-text("Profile")')
    Expected: visible
    Timeout: 15000ms
    Error: element(s) not found

    Call log:
      - Expect "toBeVisible" with timeout 15000ms
      - waiting for locator('button:has-text("Profile")')


      21 |     const tabs = ['Profile', 'Locations', 'Staff', 'Payment', 'Notifications', 'System', 'Expenses']
      22 |     for (const tab of tabs) {
    > 23 |       await expect(page.locator(`button:has-text("${tab}")`)).toBeVisible()
         |                                                               ^
      24 |     }
      25 |   })
      26 |
        at E:\jessy-luxury-website\jessy-luxury\e2e\settings\shell.spec.ts:23:63

    attachment #1: screenshot (image/png) ΓöÇΓöÇΓöÇΓöÇΓöÇΓöÇΓöÇΓöÇΓöÇΓöÇΓöÇΓöÇΓöÇΓöÇΓöÇΓöÇΓöÇΓöÇΓöÇΓöÇΓöÇΓöÇΓöÇΓöÇΓöÇΓöÇΓöÇΓöÇΓöÇΓöÇΓöÇΓöÇΓöÇΓöÇΓöÇΓöÇΓöÇΓöÇΓöÇΓöÇΓöÇΓöÇΓöÇΓöÇΓöÇΓöÇΓöÇΓöÇΓöÇΓöÇΓöÇΓöÇΓöÇΓöÇΓöÇΓöÇΓöÇΓöÇ
    test-results\settings-shell-Settings-Sh-9fe4d-tabs-visible-and-accessible-chromium\test-failed-1.png
    ΓöÇΓöÇΓöÇΓöÇΓöÇΓöÇΓöÇΓöÇΓöÇΓöÇΓöÇΓöÇΓöÇΓöÇΓöÇΓöÇΓöÇΓöÇΓöÇΓöÇΓöÇΓöÇΓöÇΓöÇΓöÇΓöÇΓöÇΓöÇΓöÇΓöÇΓöÇΓöÇΓöÇΓöÇΓöÇΓöÇΓöÇΓöÇΓöÇΓöÇΓöÇΓöÇΓöÇΓöÇΓöÇΓöÇΓöÇΓöÇΓöÇΓöÇΓöÇΓöÇΓöÇΓöÇΓöÇΓöÇΓöÇΓöÇΓöÇΓöÇΓöÇΓöÇΓöÇΓöÇΓöÇΓöÇΓöÇΓöÇΓöÇΓöÇΓöÇΓöÇΓöÇΓöÇΓöÇΓöÇΓöÇΓöÇΓöÇΓöÇΓöÇΓöÇΓöÇΓöÇΓöÇΓöÇΓöÇΓöÇΓöÇΓöÇΓöÇΓöÇΓöÇΓöÇΓöÇΓöÇ

    Error Context: test-results\settings-shell-Settings-Sh-9fe4d-tabs-visible-and-accessible-chromium\error-context.md

    attachment #3: trace (application/zip) ΓöÇΓöÇΓöÇΓöÇΓöÇΓöÇΓöÇΓöÇΓöÇΓöÇΓöÇΓöÇΓöÇΓöÇΓöÇΓöÇΓöÇΓöÇΓöÇΓöÇΓöÇΓöÇΓöÇΓöÇΓöÇΓöÇΓöÇΓöÇΓöÇΓöÇΓöÇΓöÇΓöÇΓöÇΓöÇΓöÇΓöÇΓöÇΓöÇΓöÇΓöÇΓöÇΓöÇΓöÇΓöÇΓöÇΓöÇΓöÇΓöÇΓöÇΓöÇΓöÇΓöÇΓöÇΓöÇΓöÇΓöÇ
    test-results\settings-shell-Settings-Sh-9fe4d-tabs-visible-and-accessible-chromium\trace.zip
    Usage:

        npx playwright show-trace test-results\settings-shell-Settings-Sh-9fe4d-tabs-visible-and-accessible-chromium\trace.zip

    ΓöÇΓöÇΓöÇΓöÇΓöÇΓöÇΓöÇΓöÇΓöÇΓöÇΓöÇΓöÇΓöÇΓöÇΓöÇΓöÇΓöÇΓöÇΓöÇΓöÇΓöÇΓöÇΓöÇΓöÇΓöÇΓöÇΓöÇΓöÇΓöÇΓöÇΓöÇΓöÇΓöÇΓöÇΓöÇΓöÇΓöÇΓöÇΓöÇΓöÇΓöÇΓöÇΓöÇΓöÇΓöÇΓöÇΓöÇΓöÇΓöÇΓöÇΓöÇΓöÇΓöÇΓöÇΓöÇΓöÇΓöÇΓöÇΓöÇΓöÇΓöÇΓöÇΓöÇΓöÇΓöÇΓöÇΓöÇΓöÇΓöÇΓöÇΓöÇΓöÇΓöÇΓöÇΓöÇΓöÇΓöÇΓöÇΓöÇΓöÇΓöÇΓöÇΓöÇΓöÇΓöÇΓöÇΓöÇΓöÇΓöÇΓöÇΓöÇΓöÇΓöÇΓöÇΓöÇΓöÇ

  13) [chromium] ΓÇ║ e2e\settings\shell.spec.ts:27:7 ΓÇ║ Settings Shell Integration - P11-T052, P11-T053, P11-T054 ΓÇ║ P11-T052: Tab navigation works - switching between tabs 

    Error: expect(locator).toBeVisible() failed

    Locator: locator('h2:has-text("Business Profile")')
    Expected: visible
    Timeout: 15000ms
    Error: element(s) not found

    Call log:
      - Expect "toBeVisible" with timeout 15000ms
      - waiting for locator('h2:has-text("Business Profile")')


      29 |     
      30 |     // Default should be on Profile tab
    > 31 |     await expect(page.locator('h2:has-text("Business Profile")')).toBeVisible()
         |                                                                   ^
      32 |     
      33 |     // Click on Locations tab
      34 |     await page.locator('button:has-text("Locations")').click()
        at E:\jessy-luxury-website\jessy-luxury\e2e\settings\shell.spec.ts:31:67

    attachment #1: screenshot (image/png) ΓöÇΓöÇΓöÇΓöÇΓöÇΓöÇΓöÇΓöÇΓöÇΓöÇΓöÇΓöÇΓöÇΓöÇΓöÇΓöÇΓöÇΓöÇΓöÇΓöÇΓöÇΓöÇΓöÇΓöÇΓöÇΓöÇΓöÇΓöÇΓöÇΓöÇΓöÇΓöÇΓöÇΓöÇΓöÇΓöÇΓöÇΓöÇΓöÇΓöÇΓöÇΓöÇΓöÇΓöÇΓöÇΓöÇΓöÇΓöÇΓöÇΓöÇΓöÇΓöÇΓöÇΓöÇΓöÇΓöÇΓöÇΓöÇ
    test-results\settings-shell-Settings-Sh-72201-ks---switching-between-tabs-chromium\test-failed-1.png
    ΓöÇΓöÇΓöÇΓöÇΓöÇΓöÇΓöÇΓöÇΓöÇΓöÇΓöÇΓöÇΓöÇΓöÇΓöÇΓöÇΓöÇΓöÇΓöÇΓöÇΓöÇΓöÇΓöÇΓöÇΓöÇΓöÇΓöÇΓöÇΓöÇΓöÇΓöÇΓöÇΓöÇΓöÇΓöÇΓöÇΓöÇΓöÇΓöÇΓöÇΓöÇΓöÇΓöÇΓöÇΓöÇΓöÇΓöÇΓöÇΓöÇΓöÇΓöÇΓöÇΓöÇΓöÇΓöÇΓöÇΓöÇΓöÇΓöÇΓöÇΓöÇΓöÇΓöÇΓöÇΓöÇΓöÇΓöÇΓöÇΓöÇΓöÇΓöÇΓöÇΓöÇΓöÇΓöÇΓöÇΓöÇΓöÇΓöÇΓöÇΓöÇΓöÇΓöÇΓöÇΓöÇΓöÇΓöÇΓöÇΓöÇΓöÇΓöÇΓöÇΓöÇΓöÇΓöÇΓöÇ

    Error Context: test-results\settings-shell-Settings-Sh-72201-ks---switching-between-tabs-chromium\error-context.md

    attachment #3: trace (application/zip) ΓöÇΓöÇΓöÇΓöÇΓöÇΓöÇΓöÇΓöÇΓöÇΓöÇΓöÇΓöÇΓöÇΓöÇΓöÇΓöÇΓöÇΓöÇΓöÇΓöÇΓöÇΓöÇΓöÇΓöÇΓöÇΓöÇΓöÇΓöÇΓöÇΓöÇΓöÇΓöÇΓöÇΓöÇΓöÇΓöÇΓöÇΓöÇΓöÇΓöÇΓöÇΓöÇΓöÇΓöÇΓöÇΓöÇΓöÇΓöÇΓöÇΓöÇΓöÇΓöÇΓöÇΓöÇΓöÇΓöÇΓöÇ
    test-results\settings-shell-Settings-Sh-72201-ks---switching-between-tabs-chromium\trace.zip
    Usage:

        npx playwright show-trace test-results\settings-shell-Settings-Sh-72201-ks---switching-between-tabs-chromium\trace.zip

    ΓöÇΓöÇΓöÇΓöÇΓöÇΓöÇΓöÇΓöÇΓöÇΓöÇΓöÇΓöÇΓöÇΓöÇΓöÇΓöÇΓöÇΓöÇΓöÇΓöÇΓöÇΓöÇΓöÇΓöÇΓöÇΓöÇΓöÇΓöÇΓöÇΓöÇΓöÇΓöÇΓöÇΓöÇΓöÇΓöÇΓöÇΓöÇΓöÇΓöÇΓöÇΓöÇΓöÇΓöÇΓöÇΓöÇΓöÇΓöÇΓöÇΓöÇΓöÇΓöÇΓöÇΓöÇΓöÇΓöÇΓöÇΓöÇΓöÇΓöÇΓöÇΓöÇΓöÇΓöÇΓöÇΓöÇΓöÇΓöÇΓöÇΓöÇΓöÇΓöÇΓöÇΓöÇΓöÇΓöÇΓöÇΓöÇΓöÇΓöÇΓöÇΓöÇΓöÇΓöÇΓöÇΓöÇΓöÇΓöÇΓöÇΓöÇΓöÇΓöÇΓöÇΓöÇΓöÇΓöÇ

  14) [chromium] ΓÇ║ e2e\settings\shell.spec.ts:86:7 ΓÇ║ Settings Shell Integration - P11-T052, P11-T053, P11-T054 ΓÇ║ P11-T052: Settings page has responsive layout 

    Error: expect(locator).toBeVisible() failed

    Locator: locator('h1:has-text("Settings")')
    Expected: visible
    Timeout: 15000ms
    Error: element(s) not found

    Call log:
      - Expect "toBeVisible" with timeout 15000ms
      - waiting for locator('h1:has-text("Settings")')


      88 |     await page.setViewportSize({ width: 1920, height: 1080 })
      89 |     await page.goto(`${BASE_URL}/admin/settings`)
    > 90 |     await expect(page.locator('h1:has-text("Settings")')).toBeVisible()
         |                                                           ^
      91 |     
      92 |     // Test on tablet
      93 |     await page.setViewportSize({ width: 768, height: 1024 })
        at E:\jessy-luxury-website\jessy-luxury\e2e\settings\shell.spec.ts:90:59

    attachment #1: screenshot (image/png) ΓöÇΓöÇΓöÇΓöÇΓöÇΓöÇΓöÇΓöÇΓöÇΓöÇΓöÇΓöÇΓöÇΓöÇΓöÇΓöÇΓöÇΓöÇΓöÇΓöÇΓöÇΓöÇΓöÇΓöÇΓöÇΓöÇΓöÇΓöÇΓöÇΓöÇΓöÇΓöÇΓöÇΓöÇΓöÇΓöÇΓöÇΓöÇΓöÇΓöÇΓöÇΓöÇΓöÇΓöÇΓöÇΓöÇΓöÇΓöÇΓöÇΓöÇΓöÇΓöÇΓöÇΓöÇΓöÇΓöÇΓöÇΓöÇ
    test-results\settings-shell-Settings-Sh-1e704--page-has-responsive-layout-chromium\test-failed-1.png
    ΓöÇΓöÇΓöÇΓöÇΓöÇΓöÇΓöÇΓöÇΓöÇΓöÇΓöÇΓöÇΓöÇΓöÇΓöÇΓöÇΓöÇΓöÇΓöÇΓöÇΓöÇΓöÇΓöÇΓöÇΓöÇΓöÇΓöÇΓöÇΓöÇΓöÇΓöÇΓöÇΓöÇΓöÇΓöÇΓöÇΓöÇΓöÇΓöÇΓöÇΓöÇΓöÇΓöÇΓöÇΓöÇΓöÇΓöÇΓöÇΓöÇΓöÇΓöÇΓöÇΓöÇΓöÇΓöÇΓöÇΓöÇΓöÇΓöÇΓöÇΓöÇΓöÇΓöÇΓöÇΓöÇΓöÇΓöÇΓöÇΓöÇΓöÇΓöÇΓöÇΓöÇΓöÇΓöÇΓöÇΓöÇΓöÇΓöÇΓöÇΓöÇΓöÇΓöÇΓöÇΓöÇΓöÇΓöÇΓöÇΓöÇΓöÇΓöÇΓöÇΓöÇΓöÇΓöÇΓöÇ

    Error Context: test-results\settings-shell-Settings-Sh-1e704--page-has-responsive-layout-chromium\error-context.md

    attachment #3: trace (application/zip) ΓöÇΓöÇΓöÇΓöÇΓöÇΓöÇΓöÇΓöÇΓöÇΓöÇΓöÇΓöÇΓöÇΓöÇΓöÇΓöÇΓöÇΓöÇΓöÇΓöÇΓöÇΓöÇΓöÇΓöÇΓöÇΓöÇΓöÇΓöÇΓöÇΓöÇΓöÇΓöÇΓöÇΓöÇΓöÇΓöÇΓöÇΓöÇΓöÇΓöÇΓöÇΓöÇΓöÇΓöÇΓöÇΓöÇΓöÇΓöÇΓöÇΓöÇΓöÇΓöÇΓöÇΓöÇΓöÇΓöÇΓöÇ
    test-results\settings-shell-Settings-Sh-1e704--page-has-responsive-layout-chromium\trace.zip
    Usage:

        npx playwright show-trace test-results\settings-shell-Settings-Sh-1e704--page-has-responsive-layout-chromium\trace.zip

    ΓöÇΓöÇΓöÇΓöÇΓöÇΓöÇΓöÇΓöÇΓöÇΓöÇΓöÇΓöÇΓöÇΓöÇΓöÇΓöÇΓöÇΓöÇΓöÇΓöÇΓöÇΓöÇΓöÇΓöÇΓöÇΓöÇΓöÇΓöÇΓöÇΓöÇΓöÇΓöÇΓöÇΓöÇΓöÇΓöÇΓöÇΓöÇΓöÇΓöÇΓöÇΓöÇΓöÇΓöÇΓöÇΓöÇΓöÇΓöÇΓöÇΓöÇΓöÇΓöÇΓöÇΓöÇΓöÇΓöÇΓöÇΓöÇΓöÇΓöÇΓöÇΓöÇΓöÇΓöÇΓöÇΓöÇΓöÇΓöÇΓöÇΓöÇΓöÇΓöÇΓöÇΓöÇΓöÇΓöÇΓöÇΓöÇΓöÇΓöÇΓöÇΓöÇΓöÇΓöÇΓöÇΓöÇΓöÇΓöÇΓöÇΓöÇΓöÇΓöÇΓöÇΓöÇΓöÇΓöÇ

  15) [chromium] ΓÇ║ e2e\settings\shell.spec.ts:118:7 ΓÇ║ Settings Shell Integration - P11-T052, P11-T053, P11-T054 ΓÇ║ P11-T054: Settings page provides admin-only access (integration checkpoint) 

    Error: expect(locator).toBeVisible() failed

    Locator: locator('h1:has-text("Settings")')
    Expected: visible
    Timeout: 15000ms
    Error: element(s) not found

    Call log:
      - Expect "toBeVisible" with timeout 15000ms
      - waiting for locator('h1:has-text("Settings")')


      121 |     
      122 |     // Verify page loaded successfully
    > 123 |     await expect(page.locator('h1:has-text("Settings")')).toBeVisible()
          |                                                           ^
      124 |     
      125 |     // Verify all main structural elements are present
      126 |     await expect(page.locator('[role="tablist"]')).toBeVisible()  // Tab list
        at E:\jessy-luxury-website\jessy-luxury\e2e\settings\shell.spec.ts:123:59

    attachment #1: screenshot (image/png) ΓöÇΓöÇΓöÇΓöÇΓöÇΓöÇΓöÇΓöÇΓöÇΓöÇΓöÇΓöÇΓöÇΓöÇΓöÇΓöÇΓöÇΓöÇΓöÇΓöÇΓöÇΓöÇΓöÇΓöÇΓöÇΓöÇΓöÇΓöÇΓöÇΓöÇΓöÇΓöÇΓöÇΓöÇΓöÇΓöÇΓöÇΓöÇΓöÇΓöÇΓöÇΓöÇΓöÇΓöÇΓöÇΓöÇΓöÇΓöÇΓöÇΓöÇΓöÇΓöÇΓöÇΓöÇΓöÇΓöÇΓöÇΓöÇ
    test-results\settings-shell-Settings-Sh-1b6f5-ess-integration-checkpoint--chromium\test-failed-1.png
    ΓöÇΓöÇΓöÇΓöÇΓöÇΓöÇΓöÇΓöÇΓöÇΓöÇΓöÇΓöÇΓöÇΓöÇΓöÇΓöÇΓöÇΓöÇΓöÇΓöÇΓöÇΓöÇΓöÇΓöÇΓöÇΓöÇΓöÇΓöÇΓöÇΓöÇΓöÇΓöÇΓöÇΓöÇΓöÇΓöÇΓöÇΓöÇΓöÇΓöÇΓöÇΓöÇΓöÇΓöÇΓöÇΓöÇΓöÇΓöÇΓöÇΓöÇΓöÇΓöÇΓöÇΓöÇΓöÇΓöÇΓöÇΓöÇΓöÇΓöÇΓöÇΓöÇΓöÇΓöÇΓöÇΓöÇΓöÇΓöÇΓöÇΓöÇΓöÇΓöÇΓöÇΓöÇΓöÇΓöÇΓöÇΓöÇΓöÇΓöÇΓöÇΓöÇΓöÇΓöÇΓöÇΓöÇΓöÇΓöÇΓöÇΓöÇΓöÇΓöÇΓöÇΓöÇΓöÇΓöÇ

    Error Context: test-results\settings-shell-Settings-Sh-1b6f5-ess-integration-checkpoint--chromium\error-context.md

    attachment #3: trace (application/zip) ΓöÇΓöÇΓöÇΓöÇΓöÇΓöÇΓöÇΓöÇΓöÇΓöÇΓöÇΓöÇΓöÇΓöÇΓöÇΓöÇΓöÇΓöÇΓöÇΓöÇΓöÇΓöÇΓöÇΓöÇΓöÇΓöÇΓöÇΓöÇΓöÇΓöÇΓöÇΓöÇΓöÇΓöÇΓöÇΓöÇΓöÇΓöÇΓöÇΓöÇΓöÇΓöÇΓöÇΓöÇΓöÇΓöÇΓöÇΓöÇΓöÇΓöÇΓöÇΓöÇΓöÇΓöÇΓöÇΓöÇΓöÇ
    test-results\settings-shell-Settings-Sh-1b6f5-ess-integration-checkpoint--chromium\trace.zip
    Usage:

        npx playwright show-trace test-results\settings-shell-Settings-Sh-1b6f5-ess-integration-checkpoint--chromium\trace.zip

    ΓöÇΓöÇΓöÇΓöÇΓöÇΓöÇΓöÇΓöÇΓöÇΓöÇΓöÇΓöÇΓöÇΓöÇΓöÇΓöÇΓöÇΓöÇΓöÇΓöÇΓöÇΓöÇΓöÇΓöÇΓöÇΓöÇΓöÇΓöÇΓöÇΓöÇΓöÇΓöÇΓöÇΓöÇΓöÇΓöÇΓöÇΓöÇΓöÇΓöÇΓöÇΓöÇΓöÇΓöÇΓöÇΓöÇΓöÇΓöÇΓöÇΓöÇΓöÇΓöÇΓöÇΓöÇΓöÇΓöÇΓöÇΓöÇΓöÇΓöÇΓöÇΓöÇΓöÇΓöÇΓöÇΓöÇΓöÇΓöÇΓöÇΓöÇΓöÇΓöÇΓöÇΓöÇΓöÇΓöÇΓöÇΓöÇΓöÇΓöÇΓöÇΓöÇΓöÇΓöÇΓöÇΓöÇΓöÇΓöÇΓöÇΓöÇΓöÇΓöÇΓöÇΓöÇΓöÇΓöÇ

  16) [chromium] ΓÇ║ e2e\settings\shell.spec.ts:134:7 ΓÇ║ Settings Shell Integration - P11-T052, P11-T053, P11-T054 ΓÇ║ P11-T054: Tab state persists during navigation 

    Test timeout of 30000ms exceeded.

    Error: locator.click: Test timeout of 30000ms exceeded.
    Call log:
      - waiting for locator('button:has-text("Staff")')


      136 |     
      137 |     // Navigate to Staff tab
    > 138 |     await page.locator('button:has-text("Staff")').click()
          |                                                    ^
      139 |     await page.waitForSelector('h2:has-text("Staff Accounts")')
      140 |     
      141 |     // Verify we're on Staff tab
        at E:\jessy-luxury-website\jessy-luxury\e2e\settings\shell.spec.ts:138:52

    attachment #1: screenshot (image/png) ΓöÇΓöÇΓöÇΓöÇΓöÇΓöÇΓöÇΓöÇΓöÇΓöÇΓöÇΓöÇΓöÇΓöÇΓöÇΓöÇΓöÇΓöÇΓöÇΓöÇΓöÇΓöÇΓöÇΓöÇΓöÇΓöÇΓöÇΓöÇΓöÇΓöÇΓöÇΓöÇΓöÇΓöÇΓöÇΓöÇΓöÇΓöÇΓöÇΓöÇΓöÇΓöÇΓöÇΓöÇΓöÇΓöÇΓöÇΓöÇΓöÇΓöÇΓöÇΓöÇΓöÇΓöÇΓöÇΓöÇΓöÇΓöÇ
    test-results\settings-shell-Settings-Sh-084cd--persists-during-navigation-chromium\test-failed-1.png
    ΓöÇΓöÇΓöÇΓöÇΓöÇΓöÇΓöÇΓöÇΓöÇΓöÇΓöÇΓöÇΓöÇΓöÇΓöÇΓöÇΓöÇΓöÇΓöÇΓöÇΓöÇΓöÇΓöÇΓöÇΓöÇΓöÇΓöÇΓöÇΓöÇΓöÇΓöÇΓöÇΓöÇΓöÇΓöÇΓöÇΓöÇΓöÇΓöÇΓöÇΓöÇΓöÇΓöÇΓöÇΓöÇΓöÇΓöÇΓöÇΓöÇΓöÇΓöÇΓöÇΓöÇΓöÇΓöÇΓöÇΓöÇΓöÇΓöÇΓöÇΓöÇΓöÇΓöÇΓöÇΓöÇΓöÇΓöÇΓöÇΓöÇΓöÇΓöÇΓöÇΓöÇΓöÇΓöÇΓöÇΓöÇΓöÇΓöÇΓöÇΓöÇΓöÇΓöÇΓöÇΓöÇΓöÇΓöÇΓöÇΓöÇΓöÇΓöÇΓöÇΓöÇΓöÇΓöÇΓöÇ

    Error Context: test-results\settings-shell-Settings-Sh-084cd--persists-during-navigation-chromium\error-context.md

    attachment #3: trace (application/zip) ΓöÇΓöÇΓöÇΓöÇΓöÇΓöÇΓöÇΓöÇΓöÇΓöÇΓöÇΓöÇΓöÇΓöÇΓöÇΓöÇΓöÇΓöÇΓöÇΓöÇΓöÇΓöÇΓöÇΓöÇΓöÇΓöÇΓöÇΓöÇΓöÇΓöÇΓöÇΓöÇΓöÇΓöÇΓöÇΓöÇΓöÇΓöÇΓöÇΓöÇΓöÇΓöÇΓöÇΓöÇΓöÇΓöÇΓöÇΓöÇΓöÇΓöÇΓöÇΓöÇΓöÇΓöÇΓöÇΓöÇΓöÇ
    test-results\settings-shell-Settings-Sh-084cd--persists-during-navigation-chromium\trace.zip
    Usage:

        npx playwright show-trace test-results\settings-shell-Settings-Sh-084cd--persists-during-navigation-chromium\trace.zip

    ΓöÇΓöÇΓöÇΓöÇΓöÇΓöÇΓöÇΓöÇΓöÇΓöÇΓöÇΓöÇΓöÇΓöÇΓöÇΓöÇΓöÇΓöÇΓöÇΓöÇΓöÇΓöÇΓöÇΓöÇΓöÇΓöÇΓöÇΓöÇΓöÇΓöÇΓöÇΓöÇΓöÇΓöÇΓöÇΓöÇΓöÇΓöÇΓöÇΓöÇΓöÇΓöÇΓöÇΓöÇΓöÇΓöÇΓöÇΓöÇΓöÇΓöÇΓöÇΓöÇΓöÇΓöÇΓöÇΓöÇΓöÇΓöÇΓöÇΓöÇΓöÇΓöÇΓöÇΓöÇΓöÇΓöÇΓöÇΓöÇΓöÇΓöÇΓöÇΓöÇΓöÇΓöÇΓöÇΓöÇΓöÇΓöÇΓöÇΓöÇΓöÇΓöÇΓöÇΓöÇΓöÇΓöÇΓöÇΓöÇΓöÇΓöÇΓöÇΓöÇΓöÇΓöÇΓöÇΓöÇ

  17) [chromium] ΓÇ║ e2e\settings\shell.spec.ts:154:7 ΓÇ║ Settings Shell Integration - P11-T052, P11-T053, P11-T054 ΓÇ║ P11-T054: Settings shell is fully accessible and functioning 

    Error: expect(received).toBeGreaterThanOrEqual(expected)

    Expected: >= 7
    Received:    0

      163 |     const tabButtons = page.locator('button[role="tab"]')
      164 |     const count = await tabButtons.count()
    > 165 |     expect(count).toBeGreaterThanOrEqual(7)  // At least 7 tabs
          |                   ^
      166 |     
      167 |     // Verify each tab is clickable
      168 |     for (let i = 0; i < Math.min(count, 7); i++) {
        at E:\jessy-luxury-website\jessy-luxury\e2e\settings\shell.spec.ts:165:19

    attachment #1: screenshot (image/png) ΓöÇΓöÇΓöÇΓöÇΓöÇΓöÇΓöÇΓöÇΓöÇΓöÇΓöÇΓöÇΓöÇΓöÇΓöÇΓöÇΓöÇΓöÇΓöÇΓöÇΓöÇΓöÇΓöÇΓöÇΓöÇΓöÇΓöÇΓöÇΓöÇΓöÇΓöÇΓöÇΓöÇΓöÇΓöÇΓöÇΓöÇΓöÇΓöÇΓöÇΓöÇΓöÇΓöÇΓöÇΓöÇΓöÇΓöÇΓöÇΓöÇΓöÇΓöÇΓöÇΓöÇΓöÇΓöÇΓöÇΓöÇΓöÇ
    test-results\settings-shell-Settings-Sh-75eff--accessible-and-functioning-chromium\test-failed-1.png
    ΓöÇΓöÇΓöÇΓöÇΓöÇΓöÇΓöÇΓöÇΓöÇΓöÇΓöÇΓöÇΓöÇΓöÇΓöÇΓöÇΓöÇΓöÇΓöÇΓöÇΓöÇΓöÇΓöÇΓöÇΓöÇΓöÇΓöÇΓöÇΓöÇΓöÇΓöÇΓöÇΓöÇΓöÇΓöÇΓöÇΓöÇΓöÇΓöÇΓöÇΓöÇΓöÇΓöÇΓöÇΓöÇΓöÇΓöÇΓöÇΓöÇΓöÇΓöÇΓöÇΓöÇΓöÇΓöÇΓöÇΓöÇΓöÇΓöÇΓöÇΓöÇΓöÇΓöÇΓöÇΓöÇΓöÇΓöÇΓöÇΓöÇΓöÇΓöÇΓöÇΓöÇΓöÇΓöÇΓöÇΓöÇΓöÇΓöÇΓöÇΓöÇΓöÇΓöÇΓöÇΓöÇΓöÇΓöÇΓöÇΓöÇΓöÇΓöÇΓöÇΓöÇΓöÇΓöÇΓöÇ

    Error Context: test-results\settings-shell-Settings-Sh-75eff--accessible-and-functioning-chromium\error-context.md

    attachment #3: trace (application/zip) ΓöÇΓöÇΓöÇΓöÇΓöÇΓöÇΓöÇΓöÇΓöÇΓöÇΓöÇΓöÇΓöÇΓöÇΓöÇΓöÇΓöÇΓöÇΓöÇΓöÇΓöÇΓöÇΓöÇΓöÇΓöÇΓöÇΓöÇΓöÇΓöÇΓöÇΓöÇΓöÇΓöÇΓöÇΓöÇΓöÇΓöÇΓöÇΓöÇΓöÇΓöÇΓöÇΓöÇΓöÇΓöÇΓöÇΓöÇΓöÇΓöÇΓöÇΓöÇΓöÇΓöÇΓöÇΓöÇΓöÇΓöÇ
    test-results\settings-shell-Settings-Sh-75eff--accessible-and-functioning-chromium\trace.zip
    Usage:

        npx playwright show-trace test-results\settings-shell-Settings-Sh-75eff--accessible-and-functioning-chromium\trace.zip

    ΓöÇΓöÇΓöÇΓöÇΓöÇΓöÇΓöÇΓöÇΓöÇΓöÇΓöÇΓöÇΓöÇΓöÇΓöÇΓöÇΓöÇΓöÇΓöÇΓöÇΓöÇΓöÇΓöÇΓöÇΓöÇΓöÇΓöÇΓöÇΓöÇΓöÇΓöÇΓöÇΓöÇΓöÇΓöÇΓöÇΓöÇΓöÇΓöÇΓöÇΓöÇΓöÇΓöÇΓöÇΓöÇΓöÇΓöÇΓöÇΓöÇΓöÇΓöÇΓöÇΓöÇΓöÇΓöÇΓöÇΓöÇΓöÇΓöÇΓöÇΓöÇΓöÇΓöÇΓöÇΓöÇΓöÇΓöÇΓöÇΓöÇΓöÇΓöÇΓöÇΓöÇΓöÇΓöÇΓöÇΓöÇΓöÇΓöÇΓöÇΓöÇΓöÇΓöÇΓöÇΓöÇΓöÇΓöÇΓöÇΓöÇΓöÇΓöÇΓöÇΓöÇΓöÇΓöÇΓöÇ

  18) [chromium] ΓÇ║ e2e\settings-locations.spec.ts:1170:7 ΓÇ║ Phase 11 - Store Locations Historical Integrity & Concurrency ΓÇ║ 35. Concurrency - simultaneous default-switch requests leave exactly one default 

    Error: expect(received).toBe(expected) // Object.is equality

    Expected: 1
    Received: 2

      1249 |       where: { isDefault: true },
      1250 |     })
    > 1251 |     expect(defaultsAfter.length).toBe(1)
           |                                  ^
      1252 |
      1253 |     // The default should be either loc1 or loc2 (whichever won the race)
      1254 |     const defaultId = defaultsAfter[0].id
        at E:\jessy-luxury-website\jessy-luxury\e2e\settings-locations.spec.ts:1251:34

    Error Context: test-results\settings-locations-Phase-1-ff04b-s-leave-exactly-one-default-chromium\error-context.md

    Error Context: test-results\settings-locations-Phase-1-ff04b-s-leave-exactly-one-default-chromium\error-context.md

    attachment #3: trace (application/zip) ΓöÇΓöÇΓöÇΓöÇΓöÇΓöÇΓöÇΓöÇΓöÇΓöÇΓöÇΓöÇΓöÇΓöÇΓöÇΓöÇΓöÇΓöÇΓöÇΓöÇΓöÇΓöÇΓöÇΓöÇΓöÇΓöÇΓöÇΓöÇΓöÇΓöÇΓöÇΓöÇΓöÇΓöÇΓöÇΓöÇΓöÇΓöÇΓöÇΓöÇΓöÇΓöÇΓöÇΓöÇΓöÇΓöÇΓöÇΓöÇΓöÇΓöÇΓöÇΓöÇΓöÇΓöÇΓöÇΓöÇΓöÇ
    test-results\settings-locations-Phase-1-ff04b-s-leave-exactly-one-default-chromium\trace.zip
    Usage:

        npx playwright show-trace test-results\settings-locations-Phase-1-ff04b-s-leave-exactly-one-default-chromium\trace.zip

    ΓöÇΓöÇΓöÇΓöÇΓöÇΓöÇΓöÇΓöÇΓöÇΓöÇΓöÇΓöÇΓöÇΓöÇΓöÇΓöÇΓöÇΓöÇΓöÇΓöÇΓöÇΓöÇΓöÇΓöÇΓöÇΓöÇΓöÇΓöÇΓöÇΓöÇΓöÇΓöÇΓöÇΓöÇΓöÇΓöÇΓöÇΓöÇΓöÇΓöÇΓöÇΓöÇΓöÇΓöÇΓöÇΓöÇΓöÇΓöÇΓöÇΓöÇΓöÇΓöÇΓöÇΓöÇΓöÇΓöÇΓöÇΓöÇΓöÇΓöÇΓöÇΓöÇΓöÇΓöÇΓöÇΓöÇΓöÇΓöÇΓöÇΓöÇΓöÇΓöÇΓöÇΓöÇΓöÇΓöÇΓöÇΓöÇΓöÇΓöÇΓöÇΓöÇΓöÇΓöÇΓöÇΓöÇΓöÇΓöÇΓöÇΓöÇΓöÇΓöÇΓöÇΓöÇΓöÇΓöÇ

  19) [chromium] ΓÇ║ e2e\shipping.spec.ts:119:7 ΓÇ║ Jessy Luxury Shipping & Delivery Engine E2E Test ΓÇ║ should enforce money recalculations, state machine rules, and public privacy on tracking 

    PrismaClientValidationError: 
    Invalid `prisma.systemConfig.upsert()` invocation in
    E:\jessy-luxury-website\jessy-luxury\e2e\shipping.spec.ts:26:46

      23 
      24 test.beforeAll(async () => {
      25   // Ensure SystemConfig record exists so requireAdminAuth doesn't fail
    ΓåÆ 26   const config = await prisma.systemConfig.upsert({
             where: {
               id: 1
             },
             update: {},
             create: {
               id: 1,
               sessionVersion: 1,
           +   updatedAt: DateTime
             }
           })

    Argument `updatedAt` is missing.

      24 |   test.beforeAll(async () => {
      25 |     // Ensure SystemConfig record exists so requireAdminAuth doesn't fail
    > 26 |     const config = await prisma.systemConfig.upsert({
         |                                              ^
      27 |       where: { id: 1 },
      28 |       update: {},
      29 |       create: { id: 1, sessionVersion: 1 },
        at E:\jessy-luxury-website\jessy-luxury\e2e\shipping.spec.ts:26:46
        at Dn (E:\jessy-luxury-website\jessy-luxury\node_modules\@prisma\client\runtime\library.js:114:8082)
        at Mn.handleRequestError (E:\jessy-luxury-website\jessy-luxury\node_modules\@prisma\client\runtime\library.js:121:7396)
        at Mn.handleAndLogRequestError (E:\jessy-luxury-website\jessy-luxury\node_modules\@prisma\client\runtime\library.js:121:7061)
        at Mn.request (E:\jessy-luxury-website\jessy-luxury\node_modules\@prisma\client\runtime\library.js:121:6745)
        at l (E:\jessy-luxury-website\jessy-luxury\node_modules\@prisma\client\runtime\library.js:130:9633)
        at E:\jessy-luxury-website\jessy-luxury\e2e\shipping.spec.ts:26:20

    Error Context: test-results\shipping-Jessy-Luxury-Ship-3660f--public-privacy-on-tracking-chromium\error-context.md

    Error Context: test-results\shipping-Jessy-Luxury-Ship-3660f--public-privacy-on-tracking-chromium\error-context.md

    attachment #3: trace (application/zip) ΓöÇΓöÇΓöÇΓöÇΓöÇΓöÇΓöÇΓöÇΓöÇΓöÇΓöÇΓöÇΓöÇΓöÇΓöÇΓöÇΓöÇΓöÇΓöÇΓöÇΓöÇΓöÇΓöÇΓöÇΓöÇΓöÇΓöÇΓöÇΓöÇΓöÇΓöÇΓöÇΓöÇΓöÇΓöÇΓöÇΓöÇΓöÇΓöÇΓöÇΓöÇΓöÇΓöÇΓöÇΓöÇΓöÇΓöÇΓöÇΓöÇΓöÇΓöÇΓöÇΓöÇΓöÇΓöÇΓöÇΓöÇ
    test-results\shipping-Jessy-Luxury-Ship-3660f--public-privacy-on-tracking-chromium\trace.zip
    Usage:

        npx playwright show-trace test-results\shipping-Jessy-Luxury-Ship-3660f--public-privacy-on-tracking-chromium\trace.zip

    ΓöÇΓöÇΓöÇΓöÇΓöÇΓöÇΓöÇΓöÇΓöÇΓöÇΓöÇΓöÇΓöÇΓöÇΓöÇΓöÇΓöÇΓöÇΓöÇΓöÇΓöÇΓöÇΓöÇΓöÇΓöÇΓöÇΓöÇΓöÇΓöÇΓöÇΓöÇΓöÇΓöÇΓöÇΓöÇΓöÇΓöÇΓöÇΓöÇΓöÇΓöÇΓöÇΓöÇΓöÇΓöÇΓöÇΓöÇΓöÇΓöÇΓöÇΓöÇΓöÇΓöÇΓöÇΓöÇΓöÇΓöÇΓöÇΓöÇΓöÇΓöÇΓöÇΓöÇΓöÇΓöÇΓöÇΓöÇΓöÇΓöÇΓöÇΓöÇΓöÇΓöÇΓöÇΓöÇΓöÇΓöÇΓöÇΓöÇΓöÇΓöÇΓöÇΓöÇΓöÇΓöÇΓöÇΓöÇΓöÇΓöÇΓöÇΓöÇΓöÇΓöÇΓöÇΓöÇΓöÇ

  20) [chromium] ΓÇ║ e2e\smoke.spec.ts:110:7 ΓÇ║ Jessy Luxury CRM & POS E2E Smoke Test ΓÇ║ checkout POS order and navigate through CRM 

    PrismaClientValidationError: 
    Invalid `prisma.category.upsert()` invocation in
    E:\jessy-luxury-website\jessy-luxury\e2e\smoke.spec.ts:43:42

      40 
      41 test.beforeAll(async () => {
      42   // 1. Seed a test product directly in the database
    ΓåÆ 43   testCategory = await prisma.category.upsert({
             where: {
               name: "Smoke Test Category"
             },
             update: {},
             create: {
               name: "Smoke Test Category",
               slug: "smoke-test-cat-9624",
           +   updatedAt: DateTime
             }
           })

    Argument `updatedAt` is missing.

      41 |   test.beforeAll(async () => {
      42 |     // 1. Seed a test product directly in the database
    > 43 |     testCategory = await prisma.category.upsert({
         |                                          ^
      44 |       where: { name: 'Smoke Test Category' },
      45 |       update: {},
      46 |       create: { name: 'Smoke Test Category', slug: `smoke-test-cat-${runId}` },
        at E:\jessy-luxury-website\jessy-luxury\e2e\smoke.spec.ts:43:42
        at Dn (E:\jessy-luxury-website\jessy-luxury\node_modules\@prisma\client\runtime\library.js:114:8082)
        at Mn.handleRequestError (E:\jessy-luxury-website\jessy-luxury\node_modules\@prisma\client\runtime\library.js:121:7396)
        at Mn.handleAndLogRequestError (E:\jessy-luxury-website\jessy-luxury\node_modules\@prisma\client\runtime\library.js:121:7061)
        at Mn.request (E:\jessy-luxury-website\jessy-luxury\node_modules\@prisma\client\runtime\library.js:121:6745)
        at l (E:\jessy-luxury-website\jessy-luxury\node_modules\@prisma\client\runtime\library.js:130:9633)
        at E:\jessy-luxury-website\jessy-luxury\e2e\smoke.spec.ts:43:20

    Error Context: test-results\smoke-Jessy-Luxury-CRM-POS-b03ad-er-and-navigate-through-CRM-chromium\error-context.md

    Error Context: test-results\smoke-Jessy-Luxury-CRM-POS-b03ad-er-and-navigate-through-CRM-chromium\error-context.md

    attachment #3: trace (application/zip) ΓöÇΓöÇΓöÇΓöÇΓöÇΓöÇΓöÇΓöÇΓöÇΓöÇΓöÇΓöÇΓöÇΓöÇΓöÇΓöÇΓöÇΓöÇΓöÇΓöÇΓöÇΓöÇΓöÇΓöÇΓöÇΓöÇΓöÇΓöÇΓöÇΓöÇΓöÇΓöÇΓöÇΓöÇΓöÇΓöÇΓöÇΓöÇΓöÇΓöÇΓöÇΓöÇΓöÇΓöÇΓöÇΓöÇΓöÇΓöÇΓöÇΓöÇΓöÇΓöÇΓöÇΓöÇΓöÇΓöÇΓöÇ
    test-results\smoke-Jessy-Luxury-CRM-POS-b03ad-er-and-navigate-through-CRM-chromium\trace.zip
    Usage:

        npx playwright show-trace test-results\smoke-Jessy-Luxury-CRM-POS-b03ad-er-and-navigate-through-CRM-chromium\trace.zip

    ΓöÇΓöÇΓöÇΓöÇΓöÇΓöÇΓöÇΓöÇΓöÇΓöÇΓöÇΓöÇΓöÇΓöÇΓöÇΓöÇΓöÇΓöÇΓöÇΓöÇΓöÇΓöÇΓöÇΓöÇΓöÇΓöÇΓöÇΓöÇΓöÇΓöÇΓöÇΓöÇΓöÇΓöÇΓöÇΓöÇΓöÇΓöÇΓöÇΓöÇΓöÇΓöÇΓöÇΓöÇΓöÇΓöÇΓöÇΓöÇΓöÇΓöÇΓöÇΓöÇΓöÇΓöÇΓöÇΓöÇΓöÇΓöÇΓöÇΓöÇΓöÇΓöÇΓöÇΓöÇΓöÇΓöÇΓöÇΓöÇΓöÇΓöÇΓöÇΓöÇΓöÇΓöÇΓöÇΓöÇΓöÇΓöÇΓöÇΓöÇΓöÇΓöÇΓöÇΓöÇΓöÇΓöÇΓöÇΓöÇΓöÇΓöÇΓöÇΓöÇΓöÇΓöÇΓöÇΓöÇ

  21) [chromium] ΓÇ║ e2e\wholesale.spec.ts:127:7 ΓÇ║ Jessy Luxury Wholesale & Tier Pricing E2E ΓÇ║ should correctly apply tiered pricing and handle overrides 

    PrismaClientValidationError: 
    Invalid `prisma.category.create()` invocation in
    E:\jessy-luxury-website\jessy-luxury\e2e\wholesale.spec.ts:30:38

      27 const config = await prisma.systemConfig.findUnique({ where: { id: 1 } })
      28 authToken = await generateAdminToken(config?.sessionVersion ?? 1)
      29 
    ΓåÆ 30 category = await prisma.category.create({
           data: {
             name: "Wholesale Cat WS_1420",
             slug: "wholesale-cat-ws_1420",
         +   updatedAt: DateTime
           }
         })

    Argument `updatedAt` is missing.

      28 |     authToken = await generateAdminToken(config?.sessionVersion ?? 1)
      29 |
    > 30 |     category = await prisma.category.create({
         |                                      ^
      31 |       data: { name: `Wholesale Cat ${ns}`, slug: `wholesale-cat-${ns.toLowerCase()}` },
      32 |     })
      33 |
        at E:\jessy-luxury-website\jessy-luxury\e2e\wholesale.spec.ts:30:38
        at Dn (E:\jessy-luxury-website\jessy-luxury\node_modules\@prisma\client\runtime\library.js:114:8082)
        at Mn.handleRequestError (E:\jessy-luxury-website\jessy-luxury\node_modules\@prisma\client\runtime\library.js:121:7396)
        at Mn.handleAndLogRequestError (E:\jessy-luxury-website\jessy-luxury\node_modules\@prisma\client\runtime\library.js:121:7061)
        at Mn.request (E:\jessy-luxury-website\jessy-luxury\node_modules\@prisma\client\runtime\library.js:121:6745)
        at l (E:\jessy-luxury-website\jessy-luxury\node_modules\@prisma\client\runtime\library.js:130:9633)
        at E:\jessy-luxury-website\jessy-luxury\e2e\wholesale.spec.ts:30:16

    Error Context: test-results\wholesale-Jessy-Luxury-Who-5783f-ricing-and-handle-overrides-chromium\error-context.md

    Error Context: test-results\wholesale-Jessy-Luxury-Who-5783f-ricing-and-handle-overrides-chromium\error-context.md

    attachment #3: trace (application/zip) ΓöÇΓöÇΓöÇΓöÇΓöÇΓöÇΓöÇΓöÇΓöÇΓöÇΓöÇΓöÇΓöÇΓöÇΓöÇΓöÇΓöÇΓöÇΓöÇΓöÇΓöÇΓöÇΓöÇΓöÇΓöÇΓöÇΓöÇΓöÇΓöÇΓöÇΓöÇΓöÇΓöÇΓöÇΓöÇΓöÇΓöÇΓöÇΓöÇΓöÇΓöÇΓöÇΓöÇΓöÇΓöÇΓöÇΓöÇΓöÇΓöÇΓöÇΓöÇΓöÇΓöÇΓöÇΓöÇΓöÇΓöÇ
    test-results\wholesale-Jessy-Luxury-Who-5783f-ricing-and-handle-overrides-chromium\trace.zip
    Usage:

        npx playwright show-trace test-results\wholesale-Jessy-Luxury-Who-5783f-ricing-and-handle-overrides-chromium\trace.zip

    ΓöÇΓöÇΓöÇΓöÇΓöÇΓöÇΓöÇΓöÇΓöÇΓöÇΓöÇΓöÇΓöÇΓöÇΓöÇΓöÇΓöÇΓöÇΓöÇΓöÇΓöÇΓöÇΓöÇΓöÇΓöÇΓöÇΓöÇΓöÇΓöÇΓöÇΓöÇΓöÇΓöÇΓöÇΓöÇΓöÇΓöÇΓöÇΓöÇΓöÇΓöÇΓöÇΓöÇΓöÇΓöÇΓöÇΓöÇΓöÇΓöÇΓöÇΓöÇΓöÇΓöÇΓöÇΓöÇΓöÇΓöÇΓöÇΓöÇΓöÇΓöÇΓöÇΓöÇΓöÇΓöÇΓöÇΓöÇΓöÇΓöÇΓöÇΓöÇΓöÇΓöÇΓöÇΓöÇΓöÇΓöÇΓöÇΓöÇΓöÇΓöÇΓöÇΓöÇΓöÇΓöÇΓöÇΓöÇΓöÇΓöÇΓöÇΓöÇΓöÇΓöÇΓöÇΓöÇΓöÇ

  21 failed
    [chromium] ΓÇ║ e2e\analytics.spec.ts:104:7 ΓÇ║ Jessy Luxury Executive Analytics E2E Test ΓÇ║ verify historical cost, product identity snapshots and channel analytics 
    [chromium] ΓÇ║ e2e\marketing.spec.ts:97:7 ΓÇ║ Jessy Luxury Sales & Marketing Engine E2E Test ΓÇ║ should validate coupon constraints correctly 
    [chromium] ΓÇ║ e2e\notifications.spec.ts:97:7 ΓÇ║ Jessy Luxury Notifications outbox E2E Suite ΓÇ║ should enforce idempotency, outbox claim locking, and credentials fallback mapping 
    [chromium] ΓÇ║ e2e\settings\authorization.spec.ts:382:7 ΓÇ║ Authorization - Inactive Staff Accounts ΓÇ║ Inactive staff account cannot authenticate 
    [chromium] ΓÇ║ e2e\settings\import-export.spec.ts:140:7 ΓÇ║ Configuration Import/Export ΓÇ║ should import valid configuration successfully 
    [chromium] ΓÇ║ e2e\settings\shell-integration.spec.ts:9:7 ΓÇ║ Settings Shell Integration - P11-T054 Checkpoint ΓÇ║ Settings page is accessible and displays main UI 
    [chromium] ΓÇ║ e2e\settings\shell-integration.spec.ts:23:7 ΓÇ║ Settings Shell Integration - P11-T054 Checkpoint ΓÇ║ All 7 settings tabs are present on the page 
    [chromium] ΓÇ║ e2e\settings\shell-integration.spec.ts:37:7 ΓÇ║ Settings Shell Integration - P11-T054 Checkpoint ΓÇ║ Tab navigation structure is intact 
    [chromium] ΓÇ║ e2e\settings\shell-integration.spec.ts:52:7 ΓÇ║ Settings Shell Integration - P11-T054 Checkpoint ΓÇ║ Settings link is present in admin dashboard navigation 
    [chromium] ΓÇ║ e2e\settings\shell-integration.spec.ts:66:7 ΓÇ║ Settings Shell Integration - P11-T054 Checkpoint ΓÇ║ P11-T054: Settings shell integration is complete and functional 
    [chromium] ΓÇ║ e2e\settings\shell.spec.ts:9:7 ΓÇ║ Settings Shell Integration - P11-T052, P11-T053, P11-T054 ΓÇ║ P11-T052: Settings page loads successfully 
    [chromium] ΓÇ║ e2e\settings\shell.spec.ts:17:7 ΓÇ║ Settings Shell Integration - P11-T052, P11-T053, P11-T054 ΓÇ║ P11-T052: All 7 tabs visible and accessible 
    [chromium] ΓÇ║ e2e\settings\shell.spec.ts:27:7 ΓÇ║ Settings Shell Integration - P11-T052, P11-T053, P11-T054 ΓÇ║ P11-T052: Tab navigation works - switching between tabs 
    [chromium] ΓÇ║ e2e\settings\shell.spec.ts:86:7 ΓÇ║ Settings Shell Integration - P11-T052, P11-T053, P11-T054 ΓÇ║ P11-T052: Settings page has responsive layout 
    [chromium] ΓÇ║ e2e\settings\shell.spec.ts:118:7 ΓÇ║ Settings Shell Integration - P11-T052, P11-T053, P11-T054 ΓÇ║ P11-T054: Settings page provides admin-only access (integration checkpoint) 
    [chromium] ΓÇ║ e2e\settings\shell.spec.ts:134:7 ΓÇ║ Settings Shell Integration - P11-T052, P11-T053, P11-T054 ΓÇ║ P11-T054: Tab state persists during navigation 
    [chromium] ΓÇ║ e2e\settings\shell.spec.ts:154:7 ΓÇ║ Settings Shell Integration - P11-T052, P11-T053, P11-T054 ΓÇ║ P11-T054: Settings shell is fully accessible and functioning 
    [chromium] ΓÇ║ e2e\settings-locations.spec.ts:1170:7 ΓÇ║ Phase 11 - Store Locations Historical Integrity & Concurrency ΓÇ║ 35. Concurrency - simultaneous default-switch requests leave exactly one default 
    [chromium] ΓÇ║ e2e\shipping.spec.ts:119:7 ΓÇ║ Jessy Luxury Shipping & Delivery Engine E2E Test ΓÇ║ should enforce money recalculations, state machine rules, and public privacy on tracking 
    [chromium] ΓÇ║ e2e\smoke.spec.ts:110:7 ΓÇ║ Jessy Luxury CRM & POS E2E Smoke Test ΓÇ║ checkout POS order and navigate through CRM 
    [chromium] ΓÇ║ e2e\wholesale.spec.ts:127:7 ΓÇ║ Jessy Luxury Wholesale & Tier Pricing E2E ΓÇ║ should correctly apply tiered pricing and handle overrides 
  8 skipped
  8 did not run
  239 passed (17.3m)
